{"v":"5.7.12","fr":25,"ip":0,"op":54,"w":500,"h":500,"nm":"Comp 1","ddd":0,"assets":[],"layers":[{"ddd":0,"ind":1,"ty":4,"nm":"Shape Layer 8","sr":1,"ks":{"o":{"a":0,"k":100,"ix":11},"r":{"a":0,"k":-45,"ix":10},"p":{"a":0,"k":[250,250,0],"ix":2,"l":2},"a":{"a":0,"k":[0,0,0],"ix":1,"l":2},"s":{"k":[{"s":[30,30,100],"t":9,"i":{"x":[1,1,1],"y":[1,1,1]},"o":{"x":[0,0,0],"y":[0,0,0]}},{"s":[33.008,33.008,100],"t":10,"i":{"x":[1,1,1],"y":[1,1,1]},"o":{"x":[0,0,0],"y":[0,0,0]}},{"s":[40.938,40.938,100],"t":11,"i":{"x":[1,1,1],"y":[1,1,1]},"o":{"x":[0,0,0],"y":[0,0,0]}},{"s":[52.148,52.148,100],"t":12,"i":{"x":[1,1,1],"y":[1,1,1]},"o":{"x":[0,0,0],"y":[0,0,0]}},{"s":[77.852,77.852,100],"t":14,"i":{"x":[1,1,1],"y":[1,1,1]},"o":{"x":[0,0,0],"y":[0,0,0]}},{"s":[89.062,89.062,100],"t":15,"i":{"x":[1,1,1],"y":[1,1,1]},"o":{"x":[0,0,0],"y":[0,0,0]}},{"s":[96.992,96.992,100],"t":16,"i":{"x":[1,1,1],"y":[1,1,1]},"o":{"x":[0,0,0],"y":[0,0,0]}},{"s":[100,100,100],"t":17,"i":{"x":[1,1,1],"y":[1,1,1]},"o":{"x":[0,0,0],"y":[0,0,0]}},{"s":[94.815,94.815,100],"t":18,"i":{"x":[1,1,1],"y":[1,1,1]},"o":{"x":[0,0,0],"y":[0,0,0]}},{"s":[81.852,81.852,100],"t":19,"i":{"x":[1,1,1],"y":[1,1,1]},"o":{"x":[0,0,0],"y":[0,0,0]}},{"s":[48.148,48.148,100],"t":21,"i":{"x":[1,1,1],"y":[1,1,1]},"o":{"x":[0,0,0],"y":[0,0,0]}},{"s":[35.185,35.185,100],"t":22,"i":{"x":[1,1,1],"y":[1,1,1]},"o":{"x":[0,0,0],"y":[0,0,0]}},{"s":[30,30,100],"t":23,"i":{"x":[1,1,1],"y":[1,1,1]},"o":{"x":[0,0,0],"y":[0,0,0]}},{"s":[30,30,100],"t":34,"i":{"x":[1,1,1],"y":[1,1,1]},"o":{"x":[0,0,0],"y":[0,0,0]}},{"s":[33.008,33.008,100],"t":35,"i":{"x":[1,1,1],"y":[1,1,1]},"o":{"x":[0,0,0],"y":[0,0,0]}},{"s":[40.938,40.938,100],"t":36,"i":{"x":[1,1,1],"y":[1,1,1]},"o":{"x":[0,0,0],"y":[0,0,0]}},{"s":[52.148,52.148,100],"t":37,"i":{"x":[1,1,1],"y":[1,1,1]},"o":{"x":[0,0,0],"y":[0,0,0]}},{"s":[77.852,77.852,100],"t":39,"i":{"x":[1,1,1],"y":[1,1,1]},"o":{"x":[0,0,0],"y":[0,0,0]}},{"s":[89.062,89.062,100],"t":40,"i":{"x":[1,1,1],"y":[1,1,1]},"o":{"x":[0,0,0],"y":[0,0,0]}},{"s":[96.992,96.992,100],"t":41,"i":{"x":[1,1,1],"y":[1,1,1]},"o":{"x":[0,0,0],"y":[0,0,0]}},{"s":[100,100,100],"t":42,"i":{"x":[1,1,1],"y":[1,1,1]},"o":{"x":[0,0,0],"y":[0,0,0]}},{"s":[94.815,94.815,100],"t":43,"i":{"x":[1,1,1],"y":[1,1,1]},"o":{"x":[0,0,0],"y":[0,0,0]}},{"s":[81.852,81.852,100],"t":44,"i":{"x":[1,1,1],"y":[1,1,1]},"o":{"x":[0,0,0],"y":[0,0,0]}},{"s":[48.148,48.148,100],"t":46,"i":{"x":[1,1,1],"y":[1,1,1]},"o":{"x":[0,0,0],"y":[0,0,0]}},{"s":[35.185,35.185,100],"t":47,"i":{"x":[1,1,1],"y":[1,1,1]},"o":{"x":[0,0,0],"y":[0,0,0]}},{"s":[30,30,100],"t":48,"i":{"x":[1,1,1],"y":[1,1,1]},"o":{"x":[0,0,0],"y":[0,0,0]}}],"l":2}},"ao":0,"shapes":[{"ty":"gr","it":[{"ty":"rc","d":1,"s":{"k":[{"s":[60,60],"t":5,"i":{"x":[1,1],"y":[1,1]},"o":{"x":[0,0],"y":[0,0]}},{"s":[68.426,60],"t":6,"i":{"x":[1,1],"y":[1,1]},"o":{"x":[0,0],"y":[0,0]}},{"s":[81.03,60],"t":7,"i":{"x":[1,1],"y":[1,1]},"o":{"x":[0,0],"y":[0,0]}},{"s":[80.953,65.339],"t":8,"i":{"x":[1,1],"y":[1,1]},"o":{"x":[0,0],"y":[0,0]}},{"s":[71.091,91.066],"t":9,"i":{"x":[1,1],"y":[1,1]},"o":{"x":[0,0],"y":[0,0]}},{"s":[61.581,115.876],"t":10,"i":{"x":[1,1],"y":[1,1]},"o":{"x":[0,0],"y":[0,0]}},{"s":[60,120],"t":11,"i":{"x":[1,1],"y":[1,1]},"o":{"x":[0,0],"y":[0,0]}},{"s":[60,120],"t":13,"i":{"x":[1,1],"y":[1,1]},"o":{"x":[0,0],"y":[0,0]}},{"s":[60,108.599],"t":14,"i":{"x":[1,1],"y":[1,1]},"o":{"x":[0,0],"y":[0,0]}},{"s":[60,84.814],"t":15,"i":{"x":[1,1],"y":[1,1]},"o":{"x":[0,0],"y":[0,0]}},{"s":[60,64.271],"t":16,"i":{"x":[1,1],"y":[1,1]},"o":{"x":[0,0],"y":[0,0]}},{"s":[61.771,60],"t":17,"i":{"x":[1,1],"y":[1,1]},"o":{"x":[0,0],"y":[0,0]}},{"s":[74.239,60],"t":18,"i":{"x":[1,1],"y":[1,1]},"o":{"x":[0,0],"y":[0,0]}},{"s":[82.993,60],"t":19,"i":{"x":[1,1],"y":[1,1]},"o":{"x":[0,0],"y":[0,0]}},{"s":[71.713,89.444],"t":20,"i":{"x":[1,1],"y":[1,1]},"o":{"x":[0,0],"y":[0,0]}},{"s":[60,120],"t":21,"i":{"x":[1,1],"y":[1,1]},"o":{"x":[0,0],"y":[0,0]}},{"s":[60,120],"t":24,"i":{"x":[1,1],"y":[1,1]},"o":{"x":[0,0],"y":[0,0]}},{"s":[66.133,104.001],"t":25,"i":{"x":[1,1],"y":[1,1]},"o":{"x":[0,0],"y":[0,0]}},{"s":[77.372,74.681],"t":26,"i":{"x":[1,1],"y":[1,1]},"o":{"x":[0,0],"y":[0,0]}},{"s":[82.982,60],"t":27,"i":{"x":[1,1],"y":[1,1]},"o":{"x":[0,0],"y":[0,0]}},{"s":[76.707,60],"t":28,"i":{"x":[1,1],"y":[1,1]},"o":{"x":[0,0],"y":[0,0]}},{"s":[65.8,60],"t":29,"i":{"x":[1,1],"y":[1,1]},"o":{"x":[0,0],"y":[0,0]}},{"s":[60,60],"t":30,"i":{"x":[1,1],"y":[1,1]},"o":{"x":[0,0],"y":[0,0]}},{"s":[68.426,60],"t":31,"i":{"x":[1,1],"y":[1,1]},"o":{"x":[0,0],"y":[0,0]}},{"s":[81.03,60],"t":32,"i":{"x":[1,1],"y":[1,1]},"o":{"x":[0,0],"y":[0,0]}},{"s":[80.953,65.339],"t":33,"i":{"x":[1,1],"y":[1,1]},"o":{"x":[0,0],"y":[0,0]}},{"s":[71.091,91.066],"t":34,"i":{"x":[1,1],"y":[1,1]},"o":{"x":[0,0],"y":[0,0]}},{"s":[61.581,115.876],"t":35,"i":{"x":[1,1],"y":[1,1]},"o":{"x":[0,0],"y":[0,0]}},{"s":[60,120],"t":36,"i":{"x":[1,1],"y":[1,1]},"o":{"x":[0,0],"y":[0,0]}},{"s":[60,120],"t":38,"i":{"x":[1,1],"y":[1,1]},"o":{"x":[0,0],"y":[0,0]}},{"s":[60,108.599],"t":39,"i":{"x":[1,1],"y":[1,1]},"o":{"x":[0,0],"y":[0,0]}},{"s":[60,84.814],"t":40,"i":{"x":[1,1],"y":[1,1]},"o":{"x":[0,0],"y":[0,0]}},{"s":[60,64.271],"t":41,"i":{"x":[1,1],"y":[1,1]},"o":{"x":[0,0],"y":[0,0]}},{"s":[61.771,60],"t":42,"i":{"x":[1,1],"y":[1,1]},"o":{"x":[0,0],"y":[0,0]}},{"s":[74.239,60],"t":43,"i":{"x":[1,1],"y":[1,1]},"o":{"x":[0,0],"y":[0,0]}},{"s":[82.993,60],"t":44,"i":{"x":[1,1],"y":[1,1]},"o":{"x":[0,0],"y":[0,0]}},{"s":[71.713,89.444],"t":45,"i":{"x":[1,1],"y":[1,1]},"o":{"x":[0,0],"y":[0,0]}},{"s":[60,120],"t":46,"i":{"x":[1,1],"y":[1,1]},"o":{"x":[0,0],"y":[0,0]}},{"s":[60,120],"t":49,"i":{"x":[1,1],"y":[1,1]},"o":{"x":[0,0],"y":[0,0]}},{"s":[66.133,104.001],"t":50,"i":{"x":[1,1],"y":[1,1]},"o":{"x":[0,0],"y":[0,0]}},{"s":[77.372,74.681],"t":51,"i":{"x":[1,1],"y":[1,1]},"o":{"x":[0,0],"y":[0,0]}},{"s":[82.982,60],"t":52,"i":{"x":[1,1],"y":[1,1]},"o":{"x":[0,0],"y":[0,0]}},{"s":[76.707,60],"t":53,"i":{"x":[1,1],"y":[1,1]},"o":{"x":[0,0],"y":[0,0]}},{"s":[65.8,60],"t":54,"i":{"x":[1,1],"y":[1,1]},"o":{"x":[0,0],"y":[0,0]}}]},"p":{"k":[{"s":[0,0],"t":9,"i":{"x":1,"y":1},"o":{"x":0,"y":0}},{"s":[0,-2.666],"t":10,"i":{"x":1,"y":1},"o":{"x":0,"y":0}},{"s":[0,-15.541],"t":11,"i":{"x":1,"y":1},"o":{"x":0,"y":0}},{"s":[0,-27.936],"t":12,"i":{"x":1,"y":1},"o":{"x":0,"y":0}},{"s":[0,-36.357],"t":13,"i":{"x":1,"y":1},"o":{"x":0,"y":0}},{"s":[0,-68.388],"t":14,"i":{"x":1,"y":1},"o":{"x":0,"y":0}},{"s":[0,-89],"t":15,"i":{"x":1,"y":1},"o":{"x":0,"y":0}},{"s":[0,-94.509],"t":16,"i":{"x":1,"y":1},"o":{"x":0,"y":0}},{"s":[0,-106.006],"t":17,"i":{"x":1,"y":1},"o":{"x":0,"y":0}},{"s":[0,-115.941],"t":18,"i":{"x":1,"y":1},"o":{"x":0,"y":0}},{"s":[0,-118],"t":19,"i":{"x":1,"y":1},"o":{"x":0,"y":0}},{"s":[0,-118],"t":21,"i":{"x":1,"y":1},"o":{"x":0,"y":0}},{"s":[0,-103.271],"t":22,"i":{"x":1,"y":1},"o":{"x":0,"y":0}},{"s":[0,-88],"t":23,"i":{"x":1,"y":1},"o":{"x":0,"y":0}},{"s":[0,-72.963],"t":24,"i":{"x":1,"y":1},"o":{"x":0,"y":0}},{"s":[0,-45.04],"t":25,"i":{"x":1,"y":1},"o":{"x":0,"y":0}},{"s":[0,-30],"t":26,"i":{"x":1,"y":1},"o":{"x":0,"y":0}},{"s":[0,-22.01],"t":27,"i":{"x":1,"y":1},"o":{"x":0,"y":0}},{"s":[0,-7.343],"t":28,"i":{"x":1,"y":1},"o":{"x":0,"y":0}},{"s":[0,0],"t":29,"i":{"x":1,"y":1},"o":{"x":0,"y":0}},{"s":[0,0],"t":34,"i":{"x":1,"y":1},"o":{"x":0,"y":0}},{"s":[0,-2.666],"t":35,"i":{"x":1,"y":1},"o":{"x":0,"y":0}},{"s":[0,-15.541],"t":36,"i":{"x":1,"y":1},"o":{"x":0,"y":0}},{"s":[0,-27.936],"t":37,"i":{"x":1,"y":1},"o":{"x":0,"y":0}},{"s":[0,-36.357],"t":38,"i":{"x":1,"y":1},"o":{"x":0,"y":0}},{"s":[0,-68.388],"t":39,"i":{"x":1,"y":1},"o":{"x":0,"y":0}},{"s":[0,-89],"t":40,"i":{"x":1,"y":1},"o":{"x":0,"y":0}},{"s":[0,-94.509],"t":41,"i":{"x":1,"y":1},"o":{"x":0,"y":0}},{"s":[0,-106.006],"t":42,"i":{"x":1,"y":1},"o":{"x":0,"y":0}},{"s":[0,-115.941],"t":43,"i":{"x":1,"y":1},"o":{"x":0,"y":0}},{"s":[0,-118],"t":44,"i":{"x":1,"y":1},"o":{"x":0,"y":0}},{"s":[0,-118],"t":46,"i":{"x":1,"y":1},"o":{"x":0,"y":0}},{"s":[0,-103.271],"t":47,"i":{"x":1,"y":1},"o":{"x":0,"y":0}},{"s":[0,-88],"t":48,"i":{"x":1,"y":1},"o":{"x":0,"y":0}},{"s":[0,-72.963],"t":49,"i":{"x":1,"y":1},"o":{"x":0,"y":0}},{"s":[0,-45.04],"t":50,"i":{"x":1,"y":1},"o":{"x":0,"y":0}},{"s":[0,-30],"t":51,"i":{"x":1,"y":1},"o":{"x":0,"y":0}},{"s":[0,-22.01],"t":52,"i":{"x":1,"y":1},"o":{"x":0,"y":0}},{"s":[0,-7.343],"t":53,"i":{"x":1,"y":1},"o":{"x":0,"y":0}},{"s":[0,0],"t":54,"i":{"x":1,"y":1},"o":{"x":0,"y":0}}]},"r":{"a":0,"k":418,"ix":4},"nm":"Rectangle Path 1","mn":"ADBE Vector Shape - Rect","hd":false},{"ty":"fl","c":{"a":0,"k":[0.470428765989,0.094480125577,0.887178308824,1],"ix":4},"o":{"a":0,"k":100,"ix":5},"r":1,"bm":0,"nm":"Fill 1","mn":"ADBE Vector Graphic - Fill","hd":false},{"ty":"tr","p":{"a":0,"k":[0,0],"ix":2},"a":{"a":0,"k":[0,0],"ix":1},"s":{"a":0,"k":[100,100],"ix":3},"r":{"a":0,"k":0,"ix":6},"o":{"a":0,"k":100,"ix":7},"sk":{"a":0,"k":0,"ix":4},"sa":{"a":0,"k":0,"ix":5},"nm":"Transform"}],"nm":"Rectangle 1","np":3,"cix":2,"bm":0,"ix":1,"mn":"ADBE Vector Group","hd":false}],"ip":5,"op":54,"st":5,"bm":0},{"ddd":0,"ind":2,"ty":4,"nm":"Shape Layer 7","sr":1,"ks":{"o":{"a":0,"k":100,"ix":11},"r":{"a":0,"k":135,"ix":10},"p":{"a":0,"k":[250,250,0],"ix":2,"l":2},"a":{"a":0,"k":[0,0,0],"ix":1,"l":2},"s":{"k":[{"s":[30,30,100],"t":9,"i":{"x":[1,1,1],"y":[1,1,1]},"o":{"x":[0,0,0],"y":[0,0,0]}},{"s":[33.008,33.008,100],"t":10,"i":{"x":[1,1,1],"y":[1,1,1]},"o":{"x":[0,0,0],"y":[0,0,0]}},{"s":[40.938,40.938,100],"t":11,"i":{"x":[1,1,1],"y":[1,1,1]},"o":{"x":[0,0,0],"y":[0,0,0]}},{"s":[52.148,52.148,100],"t":12,"i":{"x":[1,1,1],"y":[1,1,1]},"o":{"x":[0,0,0],"y":[0,0,0]}},{"s":[77.852,77.852,100],"t":14,"i":{"x":[1,1,1],"y":[1,1,1]},"o":{"x":[0,0,0],"y":[0,0,0]}},{"s":[89.062,89.062,100],"t":15,"i":{"x":[1,1,1],"y":[1,1,1]},"o":{"x":[0,0,0],"y":[0,0,0]}},{"s":[96.992,96.992,100],"t":16,"i":{"x":[1,1,1],"y":[1,1,1]},"o":{"x":[0,0,0],"y":[0,0,0]}},{"s":[100,100,100],"t":17,"i":{"x":[1,1,1],"y":[1,1,1]},"o":{"x":[0,0,0],"y":[0,0,0]}},{"s":[94.815,94.815,100],"t":18,"i":{"x":[1,1,1],"y":[1,1,1]},"o":{"x":[0,0,0],"y":[0,0,0]}},{"s":[81.852,81.852,100],"t":19,"i":{"x":[1,1,1],"y":[1,1,1]},"o":{"x":[0,0,0],"y":[0,0,0]}},{"s":[48.148,48.148,100],"t":21,"i":{"x":[1,1,1],"y":[1,1,1]},"o":{"x":[0,0,0],"y":[0,0,0]}},{"s":[35.185,35.185,100],"t":22,"i":{"x":[1,1,1],"y":[1,1,1]},"o":{"x":[0,0,0],"y":[0,0,0]}},{"s":[30,30,100],"t":23,"i":{"x":[1,1,1],"y":[1,1,1]},"o":{"x":[0,0,0],"y":[0,0,0]}},{"s":[30,30,100],"t":34,"i":{"x":[1,1,1],"y":[1,1,1]},"o":{"x":[0,0,0],"y":[0,0,0]}},{"s":[33.008,33.008,100],"t":35,"i":{"x":[1,1,1],"y":[1,1,1]},"o":{"x":[0,0,0],"y":[0,0,0]}},{"s":[40.938,40.938,100],"t":36,"i":{"x":[1,1,1],"y":[1,1,1]},"o":{"x":[0,0,0],"y":[0,0,0]}},{"s":[52.148,52.148,100],"t":37,"i":{"x":[1,1,1],"y":[1,1,1]},"o":{"x":[0,0,0],"y":[0,0,0]}},{"s":[77.852,77.852,100],"t":39,"i":{"x":[1,1,1],"y":[1,1,1]},"o":{"x":[0,0,0],"y":[0,0,0]}},{"s":[89.062,89.062,100],"t":40,"i":{"x":[1,1,1],"y":[1,1,1]},"o":{"x":[0,0,0],"y":[0,0,0]}},{"s":[96.992,96.992,100],"t":41,"i":{"x":[1,1,1],"y":[1,1,1]},"o":{"x":[0,0,0],"y":[0,0,0]}},{"s":[100,100,100],"t":42,"i":{"x":[1,1,1],"y":[1,1,1]},"o":{"x":[0,0,0],"y":[0,0,0]}},{"s":[94.815,94.815,100],"t":43,"i":{"x":[1,1,1],"y":[1,1,1]},"o":{"x":[0,0,0],"y":[0,0,0]}},{"s":[81.852,81.852,100],"t":44,"i":{"x":[1,1,1],"y":[1,1,1]},"o":{"x":[0,0,0],"y":[0,0,0]}},{"s":[48.148,48.148,100],"t":46,"i":{"x":[1,1,1],"y":[1,1,1]},"o":{"x":[0,0,0],"y":[0,0,0]}},{"s":[35.185,35.185,100],"t":47,"i":{"x":[1,1,1],"y":[1,1,1]},"o":{"x":[0,0,0],"y":[0,0,0]}},{"s":[30,30,100],"t":48,"i":{"x":[1,1,1],"y":[1,1,1]},"o":{"x":[0,0,0],"y":[0,0,0]}}],"l":2}},"ao":0,"shapes":[{"ty":"gr","it":[{"ty":"rc","d":1,"s":{"k":[{"s":[60,60],"t":5,"i":{"x":[1,1],"y":[1,1]},"o":{"x":[0,0],"y":[0,0]}},{"s":[68.426,60],"t":6,"i":{"x":[1,1],"y":[1,1]},"o":{"x":[0,0],"y":[0,0]}},{"s":[81.03,60],"t":7,"i":{"x":[1,1],"y":[1,1]},"o":{"x":[0,0],"y":[0,0]}},{"s":[80.953,65.339],"t":8,"i":{"x":[1,1],"y":[1,1]},"o":{"x":[0,0],"y":[0,0]}},{"s":[71.091,91.066],"t":9,"i":{"x":[1,1],"y":[1,1]},"o":{"x":[0,0],"y":[0,0]}},{"s":[61.581,115.876],"t":10,"i":{"x":[1,1],"y":[1,1]},"o":{"x":[0,0],"y":[0,0]}},{"s":[60,120],"t":11,"i":{"x":[1,1],"y":[1,1]},"o":{"x":[0,0],"y":[0,0]}},{"s":[60,120],"t":13,"i":{"x":[1,1],"y":[1,1]},"o":{"x":[0,0],"y":[0,0]}},{"s":[60,108.599],"t":14,"i":{"x":[1,1],"y":[1,1]},"o":{"x":[0,0],"y":[0,0]}},{"s":[60,84.814],"t":15,"i":{"x":[1,1],"y":[1,1]},"o":{"x":[0,0],"y":[0,0]}},{"s":[60,64.271],"t":16,"i":{"x":[1,1],"y":[1,1]},"o":{"x":[0,0],"y":[0,0]}},{"s":[61.771,60],"t":17,"i":{"x":[1,1],"y":[1,1]},"o":{"x":[0,0],"y":[0,0]}},{"s":[74.239,60],"t":18,"i":{"x":[1,1],"y":[1,1]},"o":{"x":[0,0],"y":[0,0]}},{"s":[82.993,60],"t":19,"i":{"x":[1,1],"y":[1,1]},"o":{"x":[0,0],"y":[0,0]}},{"s":[71.713,89.444],"t":20,"i":{"x":[1,1],"y":[1,1]},"o":{"x":[0,0],"y":[0,0]}},{"s":[60,120],"t":21,"i":{"x":[1,1],"y":[1,1]},"o":{"x":[0,0],"y":[0,0]}},{"s":[60,120],"t":24,"i":{"x":[1,1],"y":[1,1]},"o":{"x":[0,0],"y":[0,0]}},{"s":[66.133,104.001],"t":25,"i":{"x":[1,1],"y":[1,1]},"o":{"x":[0,0],"y":[0,0]}},{"s":[77.372,74.681],"t":26,"i":{"x":[1,1],"y":[1,1]},"o":{"x":[0,0],"y":[0,0]}},{"s":[82.982,60],"t":27,"i":{"x":[1,1],"y":[1,1]},"o":{"x":[0,0],"y":[0,0]}},{"s":[76.707,60],"t":28,"i":{"x":[1,1],"y":[1,1]},"o":{"x":[0,0],"y":[0,0]}},{"s":[65.8,60],"t":29,"i":{"x":[1,1],"y":[1,1]},"o":{"x":[0,0],"y":[0,0]}},{"s":[60,60],"t":30,"i":{"x":[1,1],"y":[1,1]},"o":{"x":[0,0],"y":[0,0]}},{"s":[68.426,60],"t":31,"i":{"x":[1,1],"y":[1,1]},"o":{"x":[0,0],"y":[0,0]}},{"s":[81.03,60],"t":32,"i":{"x":[1,1],"y":[1,1]},"o":{"x":[0,0],"y":[0,0]}},{"s":[80.953,65.339],"t":33,"i":{"x":[1,1],"y":[1,1]},"o":{"x":[0,0],"y":[0,0]}},{"s":[71.091,91.066],"t":34,"i":{"x":[1,1],"y":[1,1]},"o":{"x":[0,0],"y":[0,0]}},{"s":[61.581,115.876],"t":35,"i":{"x":[1,1],"y":[1,1]},"o":{"x":[0,0],"y":[0,0]}},{"s":[60,120],"t":36,"i":{"x":[1,1],"y":[1,1]},"o":{"x":[0,0],"y":[0,0]}},{"s":[60,120],"t":38,"i":{"x":[1,1],"y":[1,1]},"o":{"x":[0,0],"y":[0,0]}},{"s":[60,108.599],"t":39,"i":{"x":[1,1],"y":[1,1]},"o":{"x":[0,0],"y":[0,0]}},{"s":[60,84.814],"t":40,"i":{"x":[1,1],"y":[1,1]},"o":{"x":[0,0],"y":[0,0]}},{"s":[60,64.271],"t":41,"i":{"x":[1,1],"y":[1,1]},"o":{"x":[0,0],"y":[0,0]}},{"s":[61.771,60],"t":42,"i":{"x":[1,1],"y":[1,1]},"o":{"x":[0,0],"y":[0,0]}},{"s":[74.239,60],"t":43,"i":{"x":[1,1],"y":[1,1]},"o":{"x":[0,0],"y":[0,0]}},{"s":[82.993,60],"t":44,"i":{"x":[1,1],"y":[1,1]},"o":{"x":[0,0],"y":[0,0]}},{"s":[71.713,89.444],"t":45,"i":{"x":[1,1],"y":[1,1]},"o":{"x":[0,0],"y":[0,0]}},{"s":[60,120],"t":46,"i":{"x":[1,1],"y":[1,1]},"o":{"x":[0,0],"y":[0,0]}},{"s":[60,120],"t":49,"i":{"x":[1,1],"y":[1,1]},"o":{"x":[0,0],"y":[0,0]}},{"s":[66.133,104.001],"t":50,"i":{"x":[1,1],"y":[1,1]},"o":{"x":[0,0],"y":[0,0]}},{"s":[77.372,74.681],"t":51,"i":{"x":[1,1],"y":[1,1]},"o":{"x":[0,0],"y":[0,0]}},{"s":[82.982,60],"t":52,"i":{"x":[1,1],"y":[1,1]},"o":{"x":[0,0],"y":[0,0]}},{"s":[76.707,60],"t":53,"i":{"x":[1,1],"y":[1,1]},"o":{"x":[0,0],"y":[0,0]}},{"s":[65.8,60],"t":54,"i":{"x":[1,1],"y":[1,1]},"o":{"x":[0,0],"y":[0,0]}}]},"p":{"k":[{"s":[0,0],"t":9,"i":{"x":1,"y":1},"o":{"x":0,"y":0}},{"s":[0,-2.666],"t":10,"i":{"x":1,"y":1},"o":{"x":0,"y":0}},{"s":[0,-15.541],"t":11,"i":{"x":1,"y":1},"o":{"x":0,"y":0}},{"s":[0,-27.936],"t":12,"i":{"x":1,"y":1},"o":{"x":0,"y":0}},{"s":[0,-36.357],"t":13,"i":{"x":1,"y":1},"o":{"x":0,"y":0}},{"s":[0,-68.388],"t":14,"i":{"x":1,"y":1},"o":{"x":0,"y":0}},{"s":[0,-89],"t":15,"i":{"x":1,"y":1},"o":{"x":0,"y":0}},{"s":[0,-94.509],"t":16,"i":{"x":1,"y":1},"o":{"x":0,"y":0}},{"s":[0,-106.006],"t":17,"i":{"x":1,"y":1},"o":{"x":0,"y":0}},{"s":[0,-115.941],"t":18,"i":{"x":1,"y":1},"o":{"x":0,"y":0}},{"s":[0,-118],"t":19,"i":{"x":1,"y":1},"o":{"x":0,"y":0}},{"s":[0,-118],"t":21,"i":{"x":1,"y":1},"o":{"x":0,"y":0}},{"s":[0,-103.271],"t":22,"i":{"x":1,"y":1},"o":{"x":0,"y":0}},{"s":[0,-88],"t":23,"i":{"x":1,"y":1},"o":{"x":0,"y":0}},{"s":[0,-72.963],"t":24,"i":{"x":1,"y":1},"o":{"x":0,"y":0}},{"s":[0,-45.04],"t":25,"i":{"x":1,"y":1},"o":{"x":0,"y":0}},{"s":[0,-30],"t":26,"i":{"x":1,"y":1},"o":{"x":0,"y":0}},{"s":[0,-22.01],"t":27,"i":{"x":1,"y":1},"o":{"x":0,"y":0}},{"s":[0,-7.343],"t":28,"i":{"x":1,"y":1},"o":{"x":0,"y":0}},{"s":[0,0],"t":29,"i":{"x":1,"y":1},"o":{"x":0,"y":0}},{"s":[0,0],"t":34,"i":{"x":1,"y":1},"o":{"x":0,"y":0}},{"s":[0,-2.666],"t":35,"i":{"x":1,"y":1},"o":{"x":0,"y":0}},{"s":[0,-15.541],"t":36,"i":{"x":1,"y":1},"o":{"x":0,"y":0}},{"s":[0,-27.936],"t":37,"i":{"x":1,"y":1},"o":{"x":0,"y":0}},{"s":[0,-36.357],"t":38,"i":{"x":1,"y":1},"o":{"x":0,"y":0}},{"s":[0,-68.388],"t":39,"i":{"x":1,"y":1},"o":{"x":0,"y":0}},{"s":[0,-89],"t":40,"i":{"x":1,"y":1},"o":{"x":0,"y":0}},{"s":[0,-94.509],"t":41,"i":{"x":1,"y":1},"o":{"x":0,"y":0}},{"s":[0,-106.006],"t":42,"i":{"x":1,"y":1},"o":{"x":0,"y":0}},{"s":[0,-115.941],"t":43,"i":{"x":1,"y":1},"o":{"x":0,"y":0}},{"s":[0,-118],"t":44,"i":{"x":1,"y":1},"o":{"x":0,"y":0}},{"s":[0,-118],"t":46,"i":{"x":1,"y":1},"o":{"x":0,"y":0}},{"s":[0,-103.271],"t":47,"i":{"x":1,"y":1},"o":{"x":0,"y":0}},{"s":[0,-88],"t":48,"i":{"x":1,"y":1},"o":{"x":0,"y":0}},{"s":[0,-72.963],"t":49,"i":{"x":1,"y":1},"o":{"x":0,"y":0}},{"s":[0,-45.04],"t":50,"i":{"x":1,"y":1},"o":{"x":0,"y":0}},{"s":[0,-30],"t":51,"i":{"x":1,"y":1},"o":{"x":0,"y":0}},{"s":[0,-22.01],"t":52,"i":{"x":1,"y":1},"o":{"x":0,"y":0}},{"s":[0,-7.343],"t":53,"i":{"x":1,"y":1},"o":{"x":0,"y":0}},{"s":[0,0],"t":54,"i":{"x":1,"y":1},"o":{"x":0,"y":0}}]},"r":{"a":0,"k":418,"ix":4},"nm":"Rectangle Path 1","mn":"ADBE Vector Shape - Rect","hd":false},{"ty":"fl","c":{"a":0,"k":[0.470428765989,0.094480125577,0.887178308824,1],"ix":4},"o":{"a":0,"k":100,"ix":5},"r":1,"bm":0,"nm":"Fill 1","mn":"ADBE Vector Graphic - Fill","hd":false},{"ty":"tr","p":{"a":0,"k":[0,0],"ix":2},"a":{"a":0,"k":[0,0],"ix":1},"s":{"a":0,"k":[100,100],"ix":3},"r":{"a":0,"k":0,"ix":6},"o":{"a":0,"k":100,"ix":7},"sk":{"a":0,"k":0,"ix":4},"sa":{"a":0,"k":0,"ix":5},"nm":"Transform"}],"nm":"Rectangle 1","np":3,"cix":2,"bm":0,"ix":1,"mn":"ADBE Vector Group","hd":false}],"ip":5,"op":54,"st":5,"bm":0},{"ddd":0,"ind":3,"ty":4,"nm":"Shape Layer 6","sr":1,"ks":{"o":{"a":0,"k":100,"ix":11},"r":{"a":0,"k":225,"ix":10},"p":{"a":0,"k":[250,250,0],"ix":2,"l":2},"a":{"a":0,"k":[0,0,0],"ix":1,"l":2},"s":{"k":[{"s":[30,30,100],"t":9,"i":{"x":[1,1,1],"y":[1,1,1]},"o":{"x":[0,0,0],"y":[0,0,0]}},{"s":[33.008,33.008,100],"t":10,"i":{"x":[1,1,1],"y":[1,1,1]},"o":{"x":[0,0,0],"y":[0,0,0]}},{"s":[40.938,40.938,100],"t":11,"i":{"x":[1,1,1],"y":[1,1,1]},"o":{"x":[0,0,0],"y":[0,0,0]}},{"s":[52.148,52.148,100],"t":12,"i":{"x":[1,1,1],"y":[1,1,1]},"o":{"x":[0,0,0],"y":[0,0,0]}},{"s":[77.852,77.852,100],"t":14,"i":{"x":[1,1,1],"y":[1,1,1]},"o":{"x":[0,0,0],"y":[0,0,0]}},{"s":[89.062,89.062,100],"t":15,"i":{"x":[1,1,1],"y":[1,1,1]},"o":{"x":[0,0,0],"y":[0,0,0]}},{"s":[96.992,96.992,100],"t":16,"i":{"x":[1,1,1],"y":[1,1,1]},"o":{"x":[0,0,0],"y":[0,0,0]}},{"s":[100,100,100],"t":17,"i":{"x":[1,1,1],"y":[1,1,1]},"o":{"x":[0,0,0],"y":[0,0,0]}},{"s":[94.815,94.815,100],"t":18,"i":{"x":[1,1,1],"y":[1,1,1]},"o":{"x":[0,0,0],"y":[0,0,0]}},{"s":[81.852,81.852,100],"t":19,"i":{"x":[1,1,1],"y":[1,1,1]},"o":{"x":[0,0,0],"y":[0,0,0]}},{"s":[48.148,48.148,100],"t":21,"i":{"x":[1,1,1],"y":[1,1,1]},"o":{"x":[0,0,0],"y":[0,0,0]}},{"s":[35.185,35.185,100],"t":22,"i":{"x":[1,1,1],"y":[1,1,1]},"o":{"x":[0,0,0],"y":[0,0,0]}},{"s":[30,30,100],"t":23,"i":{"x":[1,1,1],"y":[1,1,1]},"o":{"x":[0,0,0],"y":[0,0,0]}},{"s":[30,30,100],"t":34,"i":{"x":[1,1,1],"y":[1,1,1]},"o":{"x":[0,0,0],"y":[0,0,0]}},{"s":[33.008,33.008,100],"t":35,"i":{"x":[1,1,1],"y":[1,1,1]},"o":{"x":[0,0,0],"y":[0,0,0]}},{"s":[40.938,40.938,100],"t":36,"i":{"x":[1,1,1],"y":[1,1,1]},"o":{"x":[0,0,0],"y":[0,0,0]}},{"s":[52.148,52.148,100],"t":37,"i":{"x":[1,1,1],"y":[1,1,1]},"o":{"x":[0,0,0],"y":[0,0,0]}},{"s":[77.852,77.852,100],"t":39,"i":{"x":[1,1,1],"y":[1,1,1]},"o":{"x":[0,0,0],"y":[0,0,0]}},{"s":[89.062,89.062,100],"t":40,"i":{"x":[1,1,1],"y":[1,1,1]},"o":{"x":[0,0,0],"y":[0,0,0]}},{"s":[96.992,96.992,100],"t":41,"i":{"x":[1,1,1],"y":[1,1,1]},"o":{"x":[0,0,0],"y":[0,0,0]}},{"s":[100,100,100],"t":42,"i":{"x":[1,1,1],"y":[1,1,1]},"o":{"x":[0,0,0],"y":[0,0,0]}},{"s":[94.815,94.815,100],"t":43,"i":{"x":[1,1,1],"y":[1,1,1]},"o":{"x":[0,0,0],"y":[0,0,0]}},{"s":[81.852,81.852,100],"t":44,"i":{"x":[1,1,1],"y":[1,1,1]},"o":{"x":[0,0,0],"y":[0,0,0]}},{"s":[48.148,48.148,100],"t":46,"i":{"x":[1,1,1],"y":[1,1,1]},"o":{"x":[0,0,0],"y":[0,0,0]}},{"s":[35.185,35.185,100],"t":47,"i":{"x":[1,1,1],"y":[1,1,1]},"o":{"x":[0,0,0],"y":[0,0,0]}},{"s":[30,30,100],"t":48,"i":{"x":[1,1,1],"y":[1,1,1]},"o":{"x":[0,0,0],"y":[0,0,0]}}],"l":2}},"ao":0,"shapes":[{"ty":"gr","it":[{"ty":"rc","d":1,"s":{"k":[{"s":[60,60],"t":5,"i":{"x":[1,1],"y":[1,1]},"o":{"x":[0,0],"y":[0,0]}},{"s":[68.426,60],"t":6,"i":{"x":[1,1],"y":[1,1]},"o":{"x":[0,0],"y":[0,0]}},{"s":[81.03,60],"t":7,"i":{"x":[1,1],"y":[1,1]},"o":{"x":[0,0],"y":[0,0]}},{"s":[80.953,65.339],"t":8,"i":{"x":[1,1],"y":[1,1]},"o":{"x":[0,0],"y":[0,0]}},{"s":[71.091,91.066],"t":9,"i":{"x":[1,1],"y":[1,1]},"o":{"x":[0,0],"y":[0,0]}},{"s":[61.581,115.876],"t":10,"i":{"x":[1,1],"y":[1,1]},"o":{"x":[0,0],"y":[0,0]}},{"s":[60,120],"t":11,"i":{"x":[1,1],"y":[1,1]},"o":{"x":[0,0],"y":[0,0]}},{"s":[60,120],"t":13,"i":{"x":[1,1],"y":[1,1]},"o":{"x":[0,0],"y":[0,0]}},{"s":[60,108.599],"t":14,"i":{"x":[1,1],"y":[1,1]},"o":{"x":[0,0],"y":[0,0]}},{"s":[60,84.814],"t":15,"i":{"x":[1,1],"y":[1,1]},"o":{"x":[0,0],"y":[0,0]}},{"s":[60,64.271],"t":16,"i":{"x":[1,1],"y":[1,1]},"o":{"x":[0,0],"y":[0,0]}},{"s":[61.771,60],"t":17,"i":{"x":[1,1],"y":[1,1]},"o":{"x":[0,0],"y":[0,0]}},{"s":[74.239,60],"t":18,"i":{"x":[1,1],"y":[1,1]},"o":{"x":[0,0],"y":[0,0]}},{"s":[82.993,60],"t":19,"i":{"x":[1,1],"y":[1,1]},"o":{"x":[0,0],"y":[0,0]}},{"s":[71.713,89.444],"t":20,"i":{"x":[1,1],"y":[1,1]},"o":{"x":[0,0],"y":[0,0]}},{"s":[60,120],"t":21,"i":{"x":[1,1],"y":[1,1]},"o":{"x":[0,0],"y":[0,0]}},{"s":[60,120],"t":24,"i":{"x":[1,1],"y":[1,1]},"o":{"x":[0,0],"y":[0,0]}},{"s":[66.133,104.001],"t":25,"i":{"x":[1,1],"y":[1,1]},"o":{"x":[0,0],"y":[0,0]}},{"s":[77.372,74.681],"t":26,"i":{"x":[1,1],"y":[1,1]},"o":{"x":[0,0],"y":[0,0]}},{"s":[82.982,60],"t":27,"i":{"x":[1,1],"y":[1,1]},"o":{"x":[0,0],"y":[0,0]}},{"s":[76.707,60],"t":28,"i":{"x":[1,1],"y":[1,1]},"o":{"x":[0,0],"y":[0,0]}},{"s":[65.8,60],"t":29,"i":{"x":[1,1],"y":[1,1]},"o":{"x":[0,0],"y":[0,0]}},{"s":[60,60],"t":30,"i":{"x":[1,1],"y":[1,1]},"o":{"x":[0,0],"y":[0,0]}},{"s":[68.426,60],"t":31,"i":{"x":[1,1],"y":[1,1]},"o":{"x":[0,0],"y":[0,0]}},{"s":[81.03,60],"t":32,"i":{"x":[1,1],"y":[1,1]},"o":{"x":[0,0],"y":[0,0]}},{"s":[80.953,65.339],"t":33,"i":{"x":[1,1],"y":[1,1]},"o":{"x":[0,0],"y":[0,0]}},{"s":[71.091,91.066],"t":34,"i":{"x":[1,1],"y":[1,1]},"o":{"x":[0,0],"y":[0,0]}},{"s":[61.581,115.876],"t":35,"i":{"x":[1,1],"y":[1,1]},"o":{"x":[0,0],"y":[0,0]}},{"s":[60,120],"t":36,"i":{"x":[1,1],"y":[1,1]},"o":{"x":[0,0],"y":[0,0]}},{"s":[60,120],"t":38,"i":{"x":[1,1],"y":[1,1]},"o":{"x":[0,0],"y":[0,0]}},{"s":[60,108.599],"t":39,"i":{"x":[1,1],"y":[1,1]},"o":{"x":[0,0],"y":[0,0]}},{"s":[60,84.814],"t":40,"i":{"x":[1,1],"y":[1,1]},"o":{"x":[0,0],"y":[0,0]}},{"s":[60,64.271],"t":41,"i":{"x":[1,1],"y":[1,1]},"o":{"x":[0,0],"y":[0,0]}},{"s":[61.771,60],"t":42,"i":{"x":[1,1],"y":[1,1]},"o":{"x":[0,0],"y":[0,0]}},{"s":[74.239,60],"t":43,"i":{"x":[1,1],"y":[1,1]},"o":{"x":[0,0],"y":[0,0]}},{"s":[82.993,60],"t":44,"i":{"x":[1,1],"y":[1,1]},"o":{"x":[0,0],"y":[0,0]}},{"s":[71.713,89.444],"t":45,"i":{"x":[1,1],"y":[1,1]},"o":{"x":[0,0],"y":[0,0]}},{"s":[60,120],"t":46,"i":{"x":[1,1],"y":[1,1]},"o":{"x":[0,0],"y":[0,0]}},{"s":[60,120],"t":49,"i":{"x":[1,1],"y":[1,1]},"o":{"x":[0,0],"y":[0,0]}},{"s":[66.133,104.001],"t":50,"i":{"x":[1,1],"y":[1,1]},"o":{"x":[0,0],"y":[0,0]}},{"s":[77.372,74.681],"t":51,"i":{"x":[1,1],"y":[1,1]},"o":{"x":[0,0],"y":[0,0]}},{"s":[82.982,60],"t":52,"i":{"x":[1,1],"y":[1,1]},"o":{"x":[0,0],"y":[0,0]}},{"s":[76.707,60],"t":53,"i":{"x":[1,1],"y":[1,1]},"o":{"x":[0,0],"y":[0,0]}},{"s":[65.8,60],"t":54,"i":{"x":[1,1],"y":[1,1]},"o":{"x":[0,0],"y":[0,0]}}]},"p":{"k":[{"s":[0,0],"t":9,"i":{"x":1,"y":1},"o":{"x":0,"y":0}},{"s":[0,-2.666],"t":10,"i":{"x":1,"y":1},"o":{"x":0,"y":0}},{"s":[0,-15.541],"t":11,"i":{"x":1,"y":1},"o":{"x":0,"y":0}},{"s":[0,-27.936],"t":12,"i":{"x":1,"y":1},"o":{"x":0,"y":0}},{"s":[0,-36.357],"t":13,"i":{"x":1,"y":1},"o":{"x":0,"y":0}},{"s":[0,-68.388],"t":14,"i":{"x":1,"y":1},"o":{"x":0,"y":0}},{"s":[0,-89],"t":15,"i":{"x":1,"y":1},"o":{"x":0,"y":0}},{"s":[0,-94.509],"t":16,"i":{"x":1,"y":1},"o":{"x":0,"y":0}},{"s":[0,-106.006],"t":17,"i":{"x":1,"y":1},"o":{"x":0,"y":0}},{"s":[0,-115.941],"t":18,"i":{"x":1,"y":1},"o":{"x":0,"y":0}},{"s":[0,-118],"t":19,"i":{"x":1,"y":1},"o":{"x":0,"y":0}},{"s":[0,-118],"t":21,"i":{"x":1,"y":1},"o":{"x":0,"y":0}},{"s":[0,-103.271],"t":22,"i":{"x":1,"y":1},"o":{"x":0,"y":0}},{"s":[0,-88],"t":23,"i":{"x":1,"y":1},"o":{"x":0,"y":0}},{"s":[0,-72.963],"t":24,"i":{"x":1,"y":1},"o":{"x":0,"y":0}},{"s":[0,-45.04],"t":25,"i":{"x":1,"y":1},"o":{"x":0,"y":0}},{"s":[0,-30],"t":26,"i":{"x":1,"y":1},"o":{"x":0,"y":0}},{"s":[0,-22.01],"t":27,"i":{"x":1,"y":1},"o":{"x":0,"y":0}},{"s":[0,-7.343],"t":28,"i":{"x":1,"y":1},"o":{"x":0,"y":0}},{"s":[0,0],"t":29,"i":{"x":1,"y":1},"o":{"x":0,"y":0}},{"s":[0,0],"t":34,"i":{"x":1,"y":1},"o":{"x":0,"y":0}},{"s":[0,-2.666],"t":35,"i":{"x":1,"y":1},"o":{"x":0,"y":0}},{"s":[0,-15.541],"t":36,"i":{"x":1,"y":1},"o":{"x":0,"y":0}},{"s":[0,-27.936],"t":37,"i":{"x":1,"y":1},"o":{"x":0,"y":0}},{"s":[0,-36.357],"t":38,"i":{"x":1,"y":1},"o":{"x":0,"y":0}},{"s":[0,-68.388],"t":39,"i":{"x":1,"y":1},"o":{"x":0,"y":0}},{"s":[0,-89],"t":40,"i":{"x":1,"y":1},"o":{"x":0,"y":0}},{"s":[0,-94.509],"t":41,"i":{"x":1,"y":1},"o":{"x":0,"y":0}},{"s":[0,-106.006],"t":42,"i":{"x":1,"y":1},"o":{"x":0,"y":0}},{"s":[0,-115.941],"t":43,"i":{"x":1,"y":1},"o":{"x":0,"y":0}},{"s":[0,-118],"t":44,"i":{"x":1,"y":1},"o":{"x":0,"y":0}},{"s":[0,-118],"t":46,"i":{"x":1,"y":1},"o":{"x":0,"y":0}},{"s":[0,-103.271],"t":47,"i":{"x":1,"y":1},"o":{"x":0,"y":0}},{"s":[0,-88],"t":48,"i":{"x":1,"y":1},"o":{"x":0,"y":0}},{"s":[0,-72.963],"t":49,"i":{"x":1,"y":1},"o":{"x":0,"y":0}},{"s":[0,-45.04],"t":50,"i":{"x":1,"y":1},"o":{"x":0,"y":0}},{"s":[0,-30],"t":51,"i":{"x":1,"y":1},"o":{"x":0,"y":0}},{"s":[0,-22.01],"t":52,"i":{"x":1,"y":1},"o":{"x":0,"y":0}},{"s":[0,-7.343],"t":53,"i":{"x":1,"y":1},"o":{"x":0,"y":0}},{"s":[0,0],"t":54,"i":{"x":1,"y":1},"o":{"x":0,"y":0}}]},"r":{"a":0,"k":418,"ix":4},"nm":"Rectangle Path 1","mn":"ADBE Vector Shape - Rect","hd":false},{"ty":"fl","c":{"a":0,"k":[0.470428765989,0.094480125577,0.887178308824,1],"ix":4},"o":{"a":0,"k":100,"ix":5},"r":1,"bm":0,"nm":"Fill 1","mn":"ADBE Vector Graphic - Fill","hd":false},{"ty":"tr","p":{"a":0,"k":[0,0],"ix":2},"a":{"a":0,"k":[0,0],"ix":1},"s":{"a":0,"k":[100,100],"ix":3},"r":{"a":0,"k":0,"ix":6},"o":{"a":0,"k":100,"ix":7},"sk":{"a":0,"k":0,"ix":4},"sa":{"a":0,"k":0,"ix":5},"nm":"Transform"}],"nm":"Rectangle 1","np":3,"cix":2,"bm":0,"ix":1,"mn":"ADBE Vector Group","hd":false}],"ip":5,"op":54,"st":5,"bm":0},{"ddd":0,"ind":4,"ty":4,"nm":"Shape Layer 5","sr":1,"ks":{"o":{"a":0,"k":100,"ix":11},"r":{"a":0,"k":45,"ix":10},"p":{"a":0,"k":[250,250,0],"ix":2,"l":2},"a":{"a":0,"k":[0,0,0],"ix":1,"l":2},"s":{"k":[{"s":[30,30,100],"t":9,"i":{"x":[1,1,1],"y":[1,1,1]},"o":{"x":[0,0,0],"y":[0,0,0]}},{"s":[33.008,33.008,100],"t":10,"i":{"x":[1,1,1],"y":[1,1,1]},"o":{"x":[0,0,0],"y":[0,0,0]}},{"s":[40.938,40.938,100],"t":11,"i":{"x":[1,1,1],"y":[1,1,1]},"o":{"x":[0,0,0],"y":[0,0,0]}},{"s":[52.148,52.148,100],"t":12,"i":{"x":[1,1,1],"y":[1,1,1]},"o":{"x":[0,0,0],"y":[0,0,0]}},{"s":[77.852,77.852,100],"t":14,"i":{"x":[1,1,1],"y":[1,1,1]},"o":{"x":[0,0,0],"y":[0,0,0]}},{"s":[89.062,89.062,100],"t":15,"i":{"x":[1,1,1],"y":[1,1,1]},"o":{"x":[0,0,0],"y":[0,0,0]}},{"s":[96.992,96.992,100],"t":16,"i":{"x":[1,1,1],"y":[1,1,1]},"o":{"x":[0,0,0],"y":[0,0,0]}},{"s":[100,100,100],"t":17,"i":{"x":[1,1,1],"y":[1,1,1]},"o":{"x":[0,0,0],"y":[0,0,0]}},{"s":[94.815,94.815,100],"t":18,"i":{"x":[1,1,1],"y":[1,1,1]},"o":{"x":[0,0,0],"y":[0,0,0]}},{"s":[81.852,81.852,100],"t":19,"i":{"x":[1,1,1],"y":[1,1,1]},"o":{"x":[0,0,0],"y":[0,0,0]}},{"s":[48.148,48.148,100],"t":21,"i":{"x":[1,1,1],"y":[1,1,1]},"o":{"x":[0,0,0],"y":[0,0,0]}},{"s":[35.185,35.185,100],"t":22,"i":{"x":[1,1,1],"y":[1,1,1]},"o":{"x":[0,0,0],"y":[0,0,0]}},{"s":[30,30,100],"t":23,"i":{"x":[1,1,1],"y":[1,1,1]},"o":{"x":[0,0,0],"y":[0,0,0]}},{"s":[30,30,100],"t":34,"i":{"x":[1,1,1],"y":[1,1,1]},"o":{"x":[0,0,0],"y":[0,0,0]}},{"s":[33.008,33.008,100],"t":35,"i":{"x":[1,1,1],"y":[1,1,1]},"o":{"x":[0,0,0],"y":[0,0,0]}},{"s":[40.938,40.938,100],"t":36,"i":{"x":[1,1,1],"y":[1,1,1]},"o":{"x":[0,0,0],"y":[0,0,0]}},{"s":[52.148,52.148,100],"t":37,"i":{"x":[1,1,1],"y":[1,1,1]},"o":{"x":[0,0,0],"y":[0,0,0]}},{"s":[77.852,77.852,100],"t":39,"i":{"x":[1,1,1],"y":[1,1,1]},"o":{"x":[0,0,0],"y":[0,0,0]}},{"s":[89.062,89.062,100],"t":40,"i":{"x":[1,1,1],"y":[1,1,1]},"o":{"x":[0,0,0],"y":[0,0,0]}},{"s":[96.992,96.992,100],"t":41,"i":{"x":[1,1,1],"y":[1,1,1]},"o":{"x":[0,0,0],"y":[0,0,0]}},{"s":[100,100,100],"t":42,"i":{"x":[1,1,1],"y":[1,1,1]},"o":{"x":[0,0,0],"y":[0,0,0]}},{"s":[94.815,94.815,100],"t":43,"i":{"x":[1,1,1],"y":[1,1,1]},"o":{"x":[0,0,0],"y":[0,0,0]}},{"s":[81.852,81.852,100],"t":44,"i":{"x":[1,1,1],"y":[1,1,1]},"o":{"x":[0,0,0],"y":[0,0,0]}},{"s":[48.148,48.148,100],"t":46,"i":{"x":[1,1,1],"y":[1,1,1]},"o":{"x":[0,0,0],"y":[0,0,0]}},{"s":[35.185,35.185,100],"t":47,"i":{"x":[1,1,1],"y":[1,1,1]},"o":{"x":[0,0,0],"y":[0,0,0]}},{"s":[30,30,100],"t":48,"i":{"x":[1,1,1],"y":[1,1,1]},"o":{"x":[0,0,0],"y":[0,0,0]}}],"l":2}},"ao":0,"shapes":[{"ty":"gr","it":[{"ty":"rc","d":1,"s":{"k":[{"s":[60,60],"t":5,"i":{"x":[1,1],"y":[1,1]},"o":{"x":[0,0],"y":[0,0]}},{"s":[68.426,60],"t":6,"i":{"x":[1,1],"y":[1,1]},"o":{"x":[0,0],"y":[0,0]}},{"s":[81.03,60],"t":7,"i":{"x":[1,1],"y":[1,1]},"o":{"x":[0,0],"y":[0,0]}},{"s":[80.953,65.339],"t":8,"i":{"x":[1,1],"y":[1,1]},"o":{"x":[0,0],"y":[0,0]}},{"s":[71.091,91.066],"t":9,"i":{"x":[1,1],"y":[1,1]},"o":{"x":[0,0],"y":[0,0]}},{"s":[61.581,115.876],"t":10,"i":{"x":[1,1],"y":[1,1]},"o":{"x":[0,0],"y":[0,0]}},{"s":[60,120],"t":11,"i":{"x":[1,1],"y":[1,1]},"o":{"x":[0,0],"y":[0,0]}},{"s":[60,120],"t":13,"i":{"x":[1,1],"y":[1,1]},"o":{"x":[0,0],"y":[0,0]}},{"s":[60,108.599],"t":14,"i":{"x":[1,1],"y":[1,1]},"o":{"x":[0,0],"y":[0,0]}},{"s":[60,84.814],"t":15,"i":{"x":[1,1],"y":[1,1]},"o":{"x":[0,0],"y":[0,0]}},{"s":[60,64.271],"t":16,"i":{"x":[1,1],"y":[1,1]},"o":{"x":[0,0],"y":[0,0]}},{"s":[61.771,60],"t":17,"i":{"x":[1,1],"y":[1,1]},"o":{"x":[0,0],"y":[0,0]}},{"s":[74.239,60],"t":18,"i":{"x":[1,1],"y":[1,1]},"o":{"x":[0,0],"y":[0,0]}},{"s":[82.993,60],"t":19,"i":{"x":[1,1],"y":[1,1]},"o":{"x":[0,0],"y":[0,0]}},{"s":[71.713,89.444],"t":20,"i":{"x":[1,1],"y":[1,1]},"o":{"x":[0,0],"y":[0,0]}},{"s":[60,120],"t":21,"i":{"x":[1,1],"y":[1,1]},"o":{"x":[0,0],"y":[0,0]}},{"s":[60,120],"t":24,"i":{"x":[1,1],"y":[1,1]},"o":{"x":[0,0],"y":[0,0]}},{"s":[66.133,104.001],"t":25,"i":{"x":[1,1],"y":[1,1]},"o":{"x":[0,0],"y":[0,0]}},{"s":[77.372,74.681],"t":26,"i":{"x":[1,1],"y":[1,1]},"o":{"x":[0,0],"y":[0,0]}},{"s":[82.982,60],"t":27,"i":{"x":[1,1],"y":[1,1]},"o":{"x":[0,0],"y":[0,0]}},{"s":[76.707,60],"t":28,"i":{"x":[1,1],"y":[1,1]},"o":{"x":[0,0],"y":[0,0]}},{"s":[65.8,60],"t":29,"i":{"x":[1,1],"y":[1,1]},"o":{"x":[0,0],"y":[0,0]}},{"s":[60,60],"t":30,"i":{"x":[1,1],"y":[1,1]},"o":{"x":[0,0],"y":[0,0]}},{"s":[68.426,60],"t":31,"i":{"x":[1,1],"y":[1,1]},"o":{"x":[0,0],"y":[0,0]}},{"s":[81.03,60],"t":32,"i":{"x":[1,1],"y":[1,1]},"o":{"x":[0,0],"y":[0,0]}},{"s":[80.953,65.339],"t":33,"i":{"x":[1,1],"y":[1,1]},"o":{"x":[0,0],"y":[0,0]}},{"s":[71.091,91.066],"t":34,"i":{"x":[1,1],"y":[1,1]},"o":{"x":[0,0],"y":[0,0]}},{"s":[61.581,115.876],"t":35,"i":{"x":[1,1],"y":[1,1]},"o":{"x":[0,0],"y":[0,0]}},{"s":[60,120],"t":36,"i":{"x":[1,1],"y":[1,1]},"o":{"x":[0,0],"y":[0,0]}},{"s":[60,120],"t":38,"i":{"x":[1,1],"y":[1,1]},"o":{"x":[0,0],"y":[0,0]}},{"s":[60,108.599],"t":39,"i":{"x":[1,1],"y":[1,1]},"o":{"x":[0,0],"y":[0,0]}},{"s":[60,84.814],"t":40,"i":{"x":[1,1],"y":[1,1]},"o":{"x":[0,0],"y":[0,0]}},{"s":[60,64.271],"t":41,"i":{"x":[1,1],"y":[1,1]},"o":{"x":[0,0],"y":[0,0]}},{"s":[61.771,60],"t":42,"i":{"x":[1,1],"y":[1,1]},"o":{"x":[0,0],"y":[0,0]}},{"s":[74.239,60],"t":43,"i":{"x":[1,1],"y":[1,1]},"o":{"x":[0,0],"y":[0,0]}},{"s":[82.993,60],"t":44,"i":{"x":[1,1],"y":[1,1]},"o":{"x":[0,0],"y":[0,0]}},{"s":[71.713,89.444],"t":45,"i":{"x":[1,1],"y":[1,1]},"o":{"x":[0,0],"y":[0,0]}},{"s":[60,120],"t":46,"i":{"x":[1,1],"y":[1,1]},"o":{"x":[0,0],"y":[0,0]}},{"s":[60,120],"t":49,"i":{"x":[1,1],"y":[1,1]},"o":{"x":[0,0],"y":[0,0]}},{"s":[66.133,104.001],"t":50,"i":{"x":[1,1],"y":[1,1]},"o":{"x":[0,0],"y":[0,0]}},{"s":[77.372,74.681],"t":51,"i":{"x":[1,1],"y":[1,1]},"o":{"x":[0,0],"y":[0,0]}},{"s":[82.982,60],"t":52,"i":{"x":[1,1],"y":[1,1]},"o":{"x":[0,0],"y":[0,0]}},{"s":[76.707,60],"t":53,"i":{"x":[1,1],"y":[1,1]},"o":{"x":[0,0],"y":[0,0]}},{"s":[65.8,60],"t":54,"i":{"x":[1,1],"y":[1,1]},"o":{"x":[0,0],"y":[0,0]}}]},"p":{"k":[{"s":[0,0],"t":9,"i":{"x":1,"y":1},"o":{"x":0,"y":0}},{"s":[0,-2.666],"t":10,"i":{"x":1,"y":1},"o":{"x":0,"y":0}},{"s":[0,-15.541],"t":11,"i":{"x":1,"y":1},"o":{"x":0,"y":0}},{"s":[0,-27.936],"t":12,"i":{"x":1,"y":1},"o":{"x":0,"y":0}},{"s":[0,-36.357],"t":13,"i":{"x":1,"y":1},"o":{"x":0,"y":0}},{"s":[0,-68.388],"t":14,"i":{"x":1,"y":1},"o":{"x":0,"y":0}},{"s":[0,-89],"t":15,"i":{"x":1,"y":1},"o":{"x":0,"y":0}},{"s":[0,-94.509],"t":16,"i":{"x":1,"y":1},"o":{"x":0,"y":0}},{"s":[0,-106.006],"t":17,"i":{"x":1,"y":1},"o":{"x":0,"y":0}},{"s":[0,-115.941],"t":18,"i":{"x":1,"y":1},"o":{"x":0,"y":0}},{"s":[0,-118],"t":19,"i":{"x":1,"y":1},"o":{"x":0,"y":0}},{"s":[0,-118],"t":21,"i":{"x":1,"y":1},"o":{"x":0,"y":0}},{"s":[0,-103.271],"t":22,"i":{"x":1,"y":1},"o":{"x":0,"y":0}},{"s":[0,-88],"t":23,"i":{"x":1,"y":1},"o":{"x":0,"y":0}},{"s":[0,-72.963],"t":24,"i":{"x":1,"y":1},"o":{"x":0,"y":0}},{"s":[0,-45.04],"t":25,"i":{"x":1,"y":1},"o":{"x":0,"y":0}},{"s":[0,-30],"t":26,"i":{"x":1,"y":1},"o":{"x":0,"y":0}},{"s":[0,-22.01],"t":27,"i":{"x":1,"y":1},"o":{"x":0,"y":0}},{"s":[0,-7.343],"t":28,"i":{"x":1,"y":1},"o":{"x":0,"y":0}},{"s":[0,0],"t":29,"i":{"x":1,"y":1},"o":{"x":0,"y":0}},{"s":[0,0],"t":34,"i":{"x":1,"y":1},"o":{"x":0,"y":0}},{"s":[0,-2.666],"t":35,"i":{"x":1,"y":1},"o":{"x":0,"y":0}},{"s":[0,-15.541],"t":36,"i":{"x":1,"y":1},"o":{"x":0,"y":0}},{"s":[0,-27.936],"t":37,"i":{"x":1,"y":1},"o":{"x":0,"y":0}},{"s":[0,-36.357],"t":38,"i":{"x":1,"y":1},"o":{"x":0,"y":0}},{"s":[0,-68.388],"t":39,"i":{"x":1,"y":1},"o":{"x":0,"y":0}},{"s":[0,-89],"t":40,"i":{"x":1,"y":1},"o":{"x":0,"y":0}},{"s":[0,-94.509],"t":41,"i":{"x":1,"y":1},"o":{"x":0,"y":0}},{"s":[0,-106.006],"t":42,"i":{"x":1,"y":1},"o":{"x":0,"y":0}},{"s":[0,-115.941],"t":43,"i":{"x":1,"y":1},"o":{"x":0,"y":0}},{"s":[0,-118],"t":44,"i":{"x":1,"y":1},"o":{"x":0,"y":0}},{"s":[0,-118],"t":46,"i":{"x":1,"y":1},"o":{"x":0,"y":0}},{"s":[0,-103.271],"t":47,"i":{"x":1,"y":1},"o":{"x":0,"y":0}},{"s":[0,-88],"t":48,"i":{"x":1,"y":1},"o":{"x":0,"y":0}},{"s":[0,-72.963],"t":49,"i":{"x":1,"y":1},"o":{"x":0,"y":0}},{"s":[0,-45.04],"t":50,"i":{"x":1,"y":1},"o":{"x":0,"y":0}},{"s":[0,-30],"t":51,"i":{"x":1,"y":1},"o":{"x":0,"y":0}},{"s":[0,-22.01],"t":52,"i":{"x":1,"y":1},"o":{"x":0,"y":0}},{"s":[0,-7.343],"t":53,"i":{"x":1,"y":1},"o":{"x":0,"y":0}},{"s":[0,0],"t":54,"i":{"x":1,"y":1},"o":{"x":0,"y":0}}]},"r":{"a":0,"k":418,"ix":4},"nm":"Rectangle Path 1","mn":"ADBE Vector Shape - Rect","hd":false},{"ty":"fl","c":{"a":0,"k":[0.470428765989,0.094480125577,0.887178308824,1],"ix":4},"o":{"a":0,"k":100,"ix":5},"r":1,"bm":0,"nm":"Fill 1","mn":"ADBE Vector Graphic - Fill","hd":false},{"ty":"tr","p":{"a":0,"k":[0,0],"ix":2},"a":{"a":0,"k":[0,0],"ix":1},"s":{"a":0,"k":[100,100],"ix":3},"r":{"a":0,"k":0,"ix":6},"o":{"a":0,"k":100,"ix":7},"sk":{"a":0,"k":0,"ix":4},"sa":{"a":0,"k":0,"ix":5},"nm":"Transform"}],"nm":"Rectangle 1","np":3,"cix":2,"bm":0,"ix":1,"mn":"ADBE Vector Group","hd":false}],"ip":5,"op":54,"st":5,"bm":0},{"ddd":0,"ind":5,"ty":4,"nm":"Shape Layer 4","sr":1,"ks":{"o":{"a":0,"k":100,"ix":11},"r":{"a":0,"k":-90,"ix":10},"p":{"a":0,"k":[250,250,0],"ix":2,"l":2},"a":{"a":0,"k":[0,0,0],"ix":1,"l":2},"s":{"k":[{"s":[30,30,100],"t":4,"i":{"x":[1,1,1],"y":[1,1,1]},"o":{"x":[0,0,0],"y":[0,0,0]}},{"s":[33.008,33.008,100],"t":5,"i":{"x":[1,1,1],"y":[1,1,1]},"o":{"x":[0,0,0],"y":[0,0,0]}},{"s":[40.938,40.938,100],"t":6,"i":{"x":[1,1,1],"y":[1,1,1]},"o":{"x":[0,0,0],"y":[0,0,0]}},{"s":[52.148,52.148,100],"t":7,"i":{"x":[1,1,1],"y":[1,1,1]},"o":{"x":[0,0,0],"y":[0,0,0]}},{"s":[77.852,77.852,100],"t":9,"i":{"x":[1,1,1],"y":[1,1,1]},"o":{"x":[0,0,0],"y":[0,0,0]}},{"s":[89.062,89.062,100],"t":10,"i":{"x":[1,1,1],"y":[1,1,1]},"o":{"x":[0,0,0],"y":[0,0,0]}},{"s":[96.992,96.992,100],"t":11,"i":{"x":[1,1,1],"y":[1,1,1]},"o":{"x":[0,0,0],"y":[0,0,0]}},{"s":[100,100,100],"t":12,"i":{"x":[1,1,1],"y":[1,1,1]},"o":{"x":[0,0,0],"y":[0,0,0]}},{"s":[94.815,94.815,100],"t":13,"i":{"x":[1,1,1],"y":[1,1,1]},"o":{"x":[0,0,0],"y":[0,0,0]}},{"s":[81.852,81.852,100],"t":14,"i":{"x":[1,1,1],"y":[1,1,1]},"o":{"x":[0,0,0],"y":[0,0,0]}},{"s":[48.148,48.148,100],"t":16,"i":{"x":[1,1,1],"y":[1,1,1]},"o":{"x":[0,0,0],"y":[0,0,0]}},{"s":[35.185,35.185,100],"t":17,"i":{"x":[1,1,1],"y":[1,1,1]},"o":{"x":[0,0,0],"y":[0,0,0]}},{"s":[30,30,100],"t":18,"i":{"x":[1,1,1],"y":[1,1,1]},"o":{"x":[0,0,0],"y":[0,0,0]}},{"s":[30,30,100],"t":29,"i":{"x":[1,1,1],"y":[1,1,1]},"o":{"x":[0,0,0],"y":[0,0,0]}},{"s":[33.008,33.008,100],"t":30,"i":{"x":[1,1,1],"y":[1,1,1]},"o":{"x":[0,0,0],"y":[0,0,0]}},{"s":[40.938,40.938,100],"t":31,"i":{"x":[1,1,1],"y":[1,1,1]},"o":{"x":[0,0,0],"y":[0,0,0]}},{"s":[52.148,52.148,100],"t":32,"i":{"x":[1,1,1],"y":[1,1,1]},"o":{"x":[0,0,0],"y":[0,0,0]}},{"s":[77.852,77.852,100],"t":34,"i":{"x":[1,1,1],"y":[1,1,1]},"o":{"x":[0,0,0],"y":[0,0,0]}},{"s":[89.062,89.062,100],"t":35,"i":{"x":[1,1,1],"y":[1,1,1]},"o":{"x":[0,0,0],"y":[0,0,0]}},{"s":[96.992,96.992,100],"t":36,"i":{"x":[1,1,1],"y":[1,1,1]},"o":{"x":[0,0,0],"y":[0,0,0]}},{"s":[100,100,100],"t":37,"i":{"x":[1,1,1],"y":[1,1,1]},"o":{"x":[0,0,0],"y":[0,0,0]}},{"s":[94.815,94.815,100],"t":38,"i":{"x":[1,1,1],"y":[1,1,1]},"o":{"x":[0,0,0],"y":[0,0,0]}},{"s":[81.852,81.852,100],"t":39,"i":{"x":[1,1,1],"y":[1,1,1]},"o":{"x":[0,0,0],"y":[0,0,0]}},{"s":[48.148,48.148,100],"t":41,"i":{"x":[1,1,1],"y":[1,1,1]},"o":{"x":[0,0,0],"y":[0,0,0]}},{"s":[35.185,35.185,100],"t":42,"i":{"x":[1,1,1],"y":[1,1,1]},"o":{"x":[0,0,0],"y":[0,0,0]}},{"s":[30,30,100],"t":43,"i":{"x":[1,1,1],"y":[1,1,1]},"o":{"x":[0,0,0],"y":[0,0,0]}}],"l":2}},"ao":0,"shapes":[{"ty":"gr","it":[{"ty":"rc","d":1,"s":{"k":[{"s":[60,60],"t":0,"i":{"x":[1,1],"y":[1,1]},"o":{"x":[0,0],"y":[0,0]}},{"s":[68.426,60],"t":1,"i":{"x":[1,1],"y":[1,1]},"o":{"x":[0,0],"y":[0,0]}},{"s":[81.03,60],"t":2,"i":{"x":[1,1],"y":[1,1]},"o":{"x":[0,0],"y":[0,0]}},{"s":[80.953,65.339],"t":3,"i":{"x":[1,1],"y":[1,1]},"o":{"x":[0,0],"y":[0,0]}},{"s":[71.091,91.066],"t":4,"i":{"x":[1,1],"y":[1,1]},"o":{"x":[0,0],"y":[0,0]}},{"s":[61.581,115.876],"t":5,"i":{"x":[1,1],"y":[1,1]},"o":{"x":[0,0],"y":[0,0]}},{"s":[60,120],"t":6,"i":{"x":[1,1],"y":[1,1]},"o":{"x":[0,0],"y":[0,0]}},{"s":[60,120],"t":8,"i":{"x":[1,1],"y":[1,1]},"o":{"x":[0,0],"y":[0,0]}},{"s":[60,108.599],"t":9,"i":{"x":[1,1],"y":[1,1]},"o":{"x":[0,0],"y":[0,0]}},{"s":[60,84.814],"t":10,"i":{"x":[1,1],"y":[1,1]},"o":{"x":[0,0],"y":[0,0]}},{"s":[60,64.271],"t":11,"i":{"x":[1,1],"y":[1,1]},"o":{"x":[0,0],"y":[0,0]}},{"s":[61.771,60],"t":12,"i":{"x":[1,1],"y":[1,1]},"o":{"x":[0,0],"y":[0,0]}},{"s":[74.239,60],"t":13,"i":{"x":[1,1],"y":[1,1]},"o":{"x":[0,0],"y":[0,0]}},{"s":[82.993,60],"t":14,"i":{"x":[1,1],"y":[1,1]},"o":{"x":[0,0],"y":[0,0]}},{"s":[71.713,89.444],"t":15,"i":{"x":[1,1],"y":[1,1]},"o":{"x":[0,0],"y":[0,0]}},{"s":[60,120],"t":16,"i":{"x":[1,1],"y":[1,1]},"o":{"x":[0,0],"y":[0,0]}},{"s":[60,120],"t":19,"i":{"x":[1,1],"y":[1,1]},"o":{"x":[0,0],"y":[0,0]}},{"s":[66.133,104.001],"t":20,"i":{"x":[1,1],"y":[1,1]},"o":{"x":[0,0],"y":[0,0]}},{"s":[77.372,74.681],"t":21,"i":{"x":[1,1],"y":[1,1]},"o":{"x":[0,0],"y":[0,0]}},{"s":[82.982,60],"t":22,"i":{"x":[1,1],"y":[1,1]},"o":{"x":[0,0],"y":[0,0]}},{"s":[76.707,60],"t":23,"i":{"x":[1,1],"y":[1,1]},"o":{"x":[0,0],"y":[0,0]}},{"s":[65.8,60],"t":24,"i":{"x":[1,1],"y":[1,1]},"o":{"x":[0,0],"y":[0,0]}},{"s":[60,60],"t":25,"i":{"x":[1,1],"y":[1,1]},"o":{"x":[0,0],"y":[0,0]}},{"s":[68.426,60],"t":26,"i":{"x":[1,1],"y":[1,1]},"o":{"x":[0,0],"y":[0,0]}},{"s":[81.03,60],"t":27,"i":{"x":[1,1],"y":[1,1]},"o":{"x":[0,0],"y":[0,0]}},{"s":[80.953,65.339],"t":28,"i":{"x":[1,1],"y":[1,1]},"o":{"x":[0,0],"y":[0,0]}},{"s":[71.091,91.066],"t":29,"i":{"x":[1,1],"y":[1,1]},"o":{"x":[0,0],"y":[0,0]}},{"s":[61.581,115.876],"t":30,"i":{"x":[1,1],"y":[1,1]},"o":{"x":[0,0],"y":[0,0]}},{"s":[60,120],"t":31,"i":{"x":[1,1],"y":[1,1]},"o":{"x":[0,0],"y":[0,0]}},{"s":[60,120],"t":33,"i":{"x":[1,1],"y":[1,1]},"o":{"x":[0,0],"y":[0,0]}},{"s":[60,108.599],"t":34,"i":{"x":[1,1],"y":[1,1]},"o":{"x":[0,0],"y":[0,0]}},{"s":[60,84.814],"t":35,"i":{"x":[1,1],"y":[1,1]},"o":{"x":[0,0],"y":[0,0]}},{"s":[60,64.271],"t":36,"i":{"x":[1,1],"y":[1,1]},"o":{"x":[0,0],"y":[0,0]}},{"s":[61.771,60],"t":37,"i":{"x":[1,1],"y":[1,1]},"o":{"x":[0,0],"y":[0,0]}},{"s":[74.239,60],"t":38,"i":{"x":[1,1],"y":[1,1]},"o":{"x":[0,0],"y":[0,0]}},{"s":[82.993,60],"t":39,"i":{"x":[1,1],"y":[1,1]},"o":{"x":[0,0],"y":[0,0]}},{"s":[71.713,89.444],"t":40,"i":{"x":[1,1],"y":[1,1]},"o":{"x":[0,0],"y":[0,0]}},{"s":[60,120],"t":41,"i":{"x":[1,1],"y":[1,1]},"o":{"x":[0,0],"y":[0,0]}},{"s":[60,120],"t":44,"i":{"x":[1,1],"y":[1,1]},"o":{"x":[0,0],"y":[0,0]}},{"s":[66.133,104.001],"t":45,"i":{"x":[1,1],"y":[1,1]},"o":{"x":[0,0],"y":[0,0]}},{"s":[77.372,74.681],"t":46,"i":{"x":[1,1],"y":[1,1]},"o":{"x":[0,0],"y":[0,0]}},{"s":[82.982,60],"t":47,"i":{"x":[1,1],"y":[1,1]},"o":{"x":[0,0],"y":[0,0]}},{"s":[76.707,60],"t":48,"i":{"x":[1,1],"y":[1,1]},"o":{"x":[0,0],"y":[0,0]}},{"s":[65.8,60],"t":49,"i":{"x":[1,1],"y":[1,1]},"o":{"x":[0,0],"y":[0,0]}},{"s":[60,60],"t":50,"i":{"x":[1,1],"y":[1,1]},"o":{"x":[0,0],"y":[0,0]}},{"s":[68.426,60],"t":51,"i":{"x":[1,1],"y":[1,1]},"o":{"x":[0,0],"y":[0,0]}},{"s":[81.03,60],"t":52,"i":{"x":[1,1],"y":[1,1]},"o":{"x":[0,0],"y":[0,0]}},{"s":[80.953,65.339],"t":53,"i":{"x":[1,1],"y":[1,1]},"o":{"x":[0,0],"y":[0,0]}}]},"p":{"k":[{"s":[0,0],"t":4,"i":{"x":1,"y":1},"o":{"x":0,"y":0}},{"s":[0,-2.666],"t":5,"i":{"x":1,"y":1},"o":{"x":0,"y":0}},{"s":[0,-15.541],"t":6,"i":{"x":1,"y":1},"o":{"x":0,"y":0}},{"s":[0,-27.936],"t":7,"i":{"x":1,"y":1},"o":{"x":0,"y":0}},{"s":[0,-36.357],"t":8,"i":{"x":1,"y":1},"o":{"x":0,"y":0}},{"s":[0,-68.388],"t":9,"i":{"x":1,"y":1},"o":{"x":0,"y":0}},{"s":[0,-89],"t":10,"i":{"x":1,"y":1},"o":{"x":0,"y":0}},{"s":[0,-94.509],"t":11,"i":{"x":1,"y":1},"o":{"x":0,"y":0}},{"s":[0,-106.006],"t":12,"i":{"x":1,"y":1},"o":{"x":0,"y":0}},{"s":[0,-115.941],"t":13,"i":{"x":1,"y":1},"o":{"x":0,"y":0}},{"s":[0,-118],"t":14,"i":{"x":1,"y":1},"o":{"x":0,"y":0}},{"s":[0,-118],"t":16,"i":{"x":1,"y":1},"o":{"x":0,"y":0}},{"s":[0,-103.271],"t":17,"i":{"x":1,"y":1},"o":{"x":0,"y":0}},{"s":[0,-88],"t":18,"i":{"x":1,"y":1},"o":{"x":0,"y":0}},{"s":[0,-72.963],"t":19,"i":{"x":1,"y":1},"o":{"x":0,"y":0}},{"s":[0,-45.04],"t":20,"i":{"x":1,"y":1},"o":{"x":0,"y":0}},{"s":[0,-30],"t":21,"i":{"x":1,"y":1},"o":{"x":0,"y":0}},{"s":[0,-22.01],"t":22,"i":{"x":1,"y":1},"o":{"x":0,"y":0}},{"s":[0,-7.343],"t":23,"i":{"x":1,"y":1},"o":{"x":0,"y":0}},{"s":[0,0],"t":24,"i":{"x":1,"y":1},"o":{"x":0,"y":0}},{"s":[0,0],"t":29,"i":{"x":1,"y":1},"o":{"x":0,"y":0}},{"s":[0,-2.666],"t":30,"i":{"x":1,"y":1},"o":{"x":0,"y":0}},{"s":[0,-15.541],"t":31,"i":{"x":1,"y":1},"o":{"x":0,"y":0}},{"s":[0,-27.936],"t":32,"i":{"x":1,"y":1},"o":{"x":0,"y":0}},{"s":[0,-36.357],"t":33,"i":{"x":1,"y":1},"o":{"x":0,"y":0}},{"s":[0,-68.388],"t":34,"i":{"x":1,"y":1},"o":{"x":0,"y":0}},{"s":[0,-89],"t":35,"i":{"x":1,"y":1},"o":{"x":0,"y":0}},{"s":[0,-94.509],"t":36,"i":{"x":1,"y":1},"o":{"x":0,"y":0}},{"s":[0,-106.006],"t":37,"i":{"x":1,"y":1},"o":{"x":0,"y":0}},{"s":[0,-115.941],"t":38,"i":{"x":1,"y":1},"o":{"x":0,"y":0}},{"s":[0,-118],"t":39,"i":{"x":1,"y":1},"o":{"x":0,"y":0}},{"s":[0,-118],"t":41,"i":{"x":1,"y":1},"o":{"x":0,"y":0}},{"s":[0,-103.271],"t":42,"i":{"x":1,"y":1},"o":{"x":0,"y":0}},{"s":[0,-88],"t":43,"i":{"x":1,"y":1},"o":{"x":0,"y":0}},{"s":[0,-72.963],"t":44,"i":{"x":1,"y":1},"o":{"x":0,"y":0}},{"s":[0,-45.04],"t":45,"i":{"x":1,"y":1},"o":{"x":0,"y":0}},{"s":[0,-30],"t":46,"i":{"x":1,"y":1},"o":{"x":0,"y":0}},{"s":[0,-22.01],"t":47,"i":{"x":1,"y":1},"o":{"x":0,"y":0}},{"s":[0,-7.343],"t":48,"i":{"x":1,"y":1},"o":{"x":0,"y":0}},{"s":[0,0],"t":49,"i":{"x":1,"y":1},"o":{"x":0,"y":0}}]},"r":{"a":0,"k":418,"ix":4},"nm":"Rectangle Path 1","mn":"ADBE Vector Shape - Rect","hd":false},{"ty":"fl","c":{"a":0,"k":[0.992693014706,0.902352905273,0.277856744504,1],"ix":4},"o":{"a":0,"k":100,"ix":5},"r":1,"bm":0,"nm":"Fill 1","mn":"ADBE Vector Graphic - Fill","hd":false},{"ty":"tr","p":{"a":0,"k":[0,0],"ix":2},"a":{"a":0,"k":[0,0],"ix":1},"s":{"a":0,"k":[100,100],"ix":3},"r":{"a":0,"k":0,"ix":6},"o":{"a":0,"k":100,"ix":7},"sk":{"a":0,"k":0,"ix":4},"sa":{"a":0,"k":0,"ix":5},"nm":"Transform"}],"nm":"Rectangle 1","np":3,"cix":2,"bm":0,"ix":1,"mn":"ADBE Vector Group","hd":false}],"ip":0,"op":54,"st":0,"bm":0},{"ddd":0,"ind":6,"ty":4,"nm":"Shape Layer 3","sr":1,"ks":{"o":{"a":0,"k":100,"ix":11},"r":{"a":0,"k":90,"ix":10},"p":{"a":0,"k":[250,250,0],"ix":2,"l":2},"a":{"a":0,"k":[0,0,0],"ix":1,"l":2},"s":{"k":[{"s":[30,30,100],"t":4,"i":{"x":[1,1,1],"y":[1,1,1]},"o":{"x":[0,0,0],"y":[0,0,0]}},{"s":[33.008,33.008,100],"t":5,"i":{"x":[1,1,1],"y":[1,1,1]},"o":{"x":[0,0,0],"y":[0,0,0]}},{"s":[40.938,40.938,100],"t":6,"i":{"x":[1,1,1],"y":[1,1,1]},"o":{"x":[0,0,0],"y":[0,0,0]}},{"s":[52.148,52.148,100],"t":7,"i":{"x":[1,1,1],"y":[1,1,1]},"o":{"x":[0,0,0],"y":[0,0,0]}},{"s":[77.852,77.852,100],"t":9,"i":{"x":[1,1,1],"y":[1,1,1]},"o":{"x":[0,0,0],"y":[0,0,0]}},{"s":[89.062,89.062,100],"t":10,"i":{"x":[1,1,1],"y":[1,1,1]},"o":{"x":[0,0,0],"y":[0,0,0]}},{"s":[96.992,96.992,100],"t":11,"i":{"x":[1,1,1],"y":[1,1,1]},"o":{"x":[0,0,0],"y":[0,0,0]}},{"s":[100,100,100],"t":12,"i":{"x":[1,1,1],"y":[1,1,1]},"o":{"x":[0,0,0],"y":[0,0,0]}},{"s":[94.815,94.815,100],"t":13,"i":{"x":[1,1,1],"y":[1,1,1]},"o":{"x":[0,0,0],"y":[0,0,0]}},{"s":[81.852,81.852,100],"t":14,"i":{"x":[1,1,1],"y":[1,1,1]},"o":{"x":[0,0,0],"y":[0,0,0]}},{"s":[48.148,48.148,100],"t":16,"i":{"x":[1,1,1],"y":[1,1,1]},"o":{"x":[0,0,0],"y":[0,0,0]}},{"s":[35.185,35.185,100],"t":17,"i":{"x":[1,1,1],"y":[1,1,1]},"o":{"x":[0,0,0],"y":[0,0,0]}},{"s":[30,30,100],"t":18,"i":{"x":[1,1,1],"y":[1,1,1]},"o":{"x":[0,0,0],"y":[0,0,0]}},{"s":[30,30,100],"t":29,"i":{"x":[1,1,1],"y":[1,1,1]},"o":{"x":[0,0,0],"y":[0,0,0]}},{"s":[33.008,33.008,100],"t":30,"i":{"x":[1,1,1],"y":[1,1,1]},"o":{"x":[0,0,0],"y":[0,0,0]}},{"s":[40.938,40.938,100],"t":31,"i":{"x":[1,1,1],"y":[1,1,1]},"o":{"x":[0,0,0],"y":[0,0,0]}},{"s":[52.148,52.148,100],"t":32,"i":{"x":[1,1,1],"y":[1,1,1]},"o":{"x":[0,0,0],"y":[0,0,0]}},{"s":[77.852,77.852,100],"t":34,"i":{"x":[1,1,1],"y":[1,1,1]},"o":{"x":[0,0,0],"y":[0,0,0]}},{"s":[89.062,89.062,100],"t":35,"i":{"x":[1,1,1],"y":[1,1,1]},"o":{"x":[0,0,0],"y":[0,0,0]}},{"s":[96.992,96.992,100],"t":36,"i":{"x":[1,1,1],"y":[1,1,1]},"o":{"x":[0,0,0],"y":[0,0,0]}},{"s":[100,100,100],"t":37,"i":{"x":[1,1,1],"y":[1,1,1]},"o":{"x":[0,0,0],"y":[0,0,0]}},{"s":[94.815,94.815,100],"t":38,"i":{"x":[1,1,1],"y":[1,1,1]},"o":{"x":[0,0,0],"y":[0,0,0]}},{"s":[81.852,81.852,100],"t":39,"i":{"x":[1,1,1],"y":[1,1,1]},"o":{"x":[0,0,0],"y":[0,0,0]}},{"s":[48.148,48.148,100],"t":41,"i":{"x":[1,1,1],"y":[1,1,1]},"o":{"x":[0,0,0],"y":[0,0,0]}},{"s":[35.185,35.185,100],"t":42,"i":{"x":[1,1,1],"y":[1,1,1]},"o":{"x":[0,0,0],"y":[0,0,0]}},{"s":[30,30,100],"t":43,"i":{"x":[1,1,1],"y":[1,1,1]},"o":{"x":[0,0,0],"y":[0,0,0]}}],"l":2}},"ao":0,"shapes":[{"ty":"gr","it":[{"ty":"rc","d":1,"s":{"k":[{"s":[60,60],"t":0,"i":{"x":[1,1],"y":[1,1]},"o":{"x":[0,0],"y":[0,0]}},{"s":[68.426,60],"t":1,"i":{"x":[1,1],"y":[1,1]},"o":{"x":[0,0],"y":[0,0]}},{"s":[81.03,60],"t":2,"i":{"x":[1,1],"y":[1,1]},"o":{"x":[0,0],"y":[0,0]}},{"s":[80.953,65.339],"t":3,"i":{"x":[1,1],"y":[1,1]},"o":{"x":[0,0],"y":[0,0]}},{"s":[71.091,91.066],"t":4,"i":{"x":[1,1],"y":[1,1]},"o":{"x":[0,0],"y":[0,0]}},{"s":[61.581,115.876],"t":5,"i":{"x":[1,1],"y":[1,1]},"o":{"x":[0,0],"y":[0,0]}},{"s":[60,120],"t":6,"i":{"x":[1,1],"y":[1,1]},"o":{"x":[0,0],"y":[0,0]}},{"s":[60,120],"t":8,"i":{"x":[1,1],"y":[1,1]},"o":{"x":[0,0],"y":[0,0]}},{"s":[60,108.599],"t":9,"i":{"x":[1,1],"y":[1,1]},"o":{"x":[0,0],"y":[0,0]}},{"s":[60,84.814],"t":10,"i":{"x":[1,1],"y":[1,1]},"o":{"x":[0,0],"y":[0,0]}},{"s":[60,64.271],"t":11,"i":{"x":[1,1],"y":[1,1]},"o":{"x":[0,0],"y":[0,0]}},{"s":[61.771,60],"t":12,"i":{"x":[1,1],"y":[1,1]},"o":{"x":[0,0],"y":[0,0]}},{"s":[74.239,60],"t":13,"i":{"x":[1,1],"y":[1,1]},"o":{"x":[0,0],"y":[0,0]}},{"s":[82.993,60],"t":14,"i":{"x":[1,1],"y":[1,1]},"o":{"x":[0,0],"y":[0,0]}},{"s":[71.713,89.444],"t":15,"i":{"x":[1,1],"y":[1,1]},"o":{"x":[0,0],"y":[0,0]}},{"s":[60,120],"t":16,"i":{"x":[1,1],"y":[1,1]},"o":{"x":[0,0],"y":[0,0]}},{"s":[60,120],"t":19,"i":{"x":[1,1],"y":[1,1]},"o":{"x":[0,0],"y":[0,0]}},{"s":[66.133,104.001],"t":20,"i":{"x":[1,1],"y":[1,1]},"o":{"x":[0,0],"y":[0,0]}},{"s":[77.372,74.681],"t":21,"i":{"x":[1,1],"y":[1,1]},"o":{"x":[0,0],"y":[0,0]}},{"s":[82.982,60],"t":22,"i":{"x":[1,1],"y":[1,1]},"o":{"x":[0,0],"y":[0,0]}},{"s":[76.707,60],"t":23,"i":{"x":[1,1],"y":[1,1]},"o":{"x":[0,0],"y":[0,0]}},{"s":[65.8,60],"t":24,"i":{"x":[1,1],"y":[1,1]},"o":{"x":[0,0],"y":[0,0]}},{"s":[60,60],"t":25,"i":{"x":[1,1],"y":[1,1]},"o":{"x":[0,0],"y":[0,0]}},{"s":[68.426,60],"t":26,"i":{"x":[1,1],"y":[1,1]},"o":{"x":[0,0],"y":[0,0]}},{"s":[81.03,60],"t":27,"i":{"x":[1,1],"y":[1,1]},"o":{"x":[0,0],"y":[0,0]}},{"s":[80.953,65.339],"t":28,"i":{"x":[1,1],"y":[1,1]},"o":{"x":[0,0],"y":[0,0]}},{"s":[71.091,91.066],"t":29,"i":{"x":[1,1],"y":[1,1]},"o":{"x":[0,0],"y":[0,0]}},{"s":[61.581,115.876],"t":30,"i":{"x":[1,1],"y":[1,1]},"o":{"x":[0,0],"y":[0,0]}},{"s":[60,120],"t":31,"i":{"x":[1,1],"y":[1,1]},"o":{"x":[0,0],"y":[0,0]}},{"s":[60,120],"t":33,"i":{"x":[1,1],"y":[1,1]},"o":{"x":[0,0],"y":[0,0]}},{"s":[60,108.599],"t":34,"i":{"x":[1,1],"y":[1,1]},"o":{"x":[0,0],"y":[0,0]}},{"s":[60,84.814],"t":35,"i":{"x":[1,1],"y":[1,1]},"o":{"x":[0,0],"y":[0,0]}},{"s":[60,64.271],"t":36,"i":{"x":[1,1],"y":[1,1]},"o":{"x":[0,0],"y":[0,0]}},{"s":[61.771,60],"t":37,"i":{"x":[1,1],"y":[1,1]},"o":{"x":[0,0],"y":[0,0]}},{"s":[74.239,60],"t":38,"i":{"x":[1,1],"y":[1,1]},"o":{"x":[0,0],"y":[0,0]}},{"s":[82.993,60],"t":39,"i":{"x":[1,1],"y":[1,1]},"o":{"x":[0,0],"y":[0,0]}},{"s":[71.713,89.444],"t":40,"i":{"x":[1,1],"y":[1,1]},"o":{"x":[0,0],"y":[0,0]}},{"s":[60,120],"t":41,"i":{"x":[1,1],"y":[1,1]},"o":{"x":[0,0],"y":[0,0]}},{"s":[60,120],"t":44,"i":{"x":[1,1],"y":[1,1]},"o":{"x":[0,0],"y":[0,0]}},{"s":[66.133,104.001],"t":45,"i":{"x":[1,1],"y":[1,1]},"o":{"x":[0,0],"y":[0,0]}},{"s":[77.372,74.681],"t":46,"i":{"x":[1,1],"y":[1,1]},"o":{"x":[0,0],"y":[0,0]}},{"s":[82.982,60],"t":47,"i":{"x":[1,1],"y":[1,1]},"o":{"x":[0,0],"y":[0,0]}},{"s":[76.707,60],"t":48,"i":{"x":[1,1],"y":[1,1]},"o":{"x":[0,0],"y":[0,0]}},{"s":[65.8,60],"t":49,"i":{"x":[1,1],"y":[1,1]},"o":{"x":[0,0],"y":[0,0]}},{"s":[60,60],"t":50,"i":{"x":[1,1],"y":[1,1]},"o":{"x":[0,0],"y":[0,0]}},{"s":[68.426,60],"t":51,"i":{"x":[1,1],"y":[1,1]},"o":{"x":[0,0],"y":[0,0]}},{"s":[81.03,60],"t":52,"i":{"x":[1,1],"y":[1,1]},"o":{"x":[0,0],"y":[0,0]}},{"s":[80.953,65.339],"t":53,"i":{"x":[1,1],"y":[1,1]},"o":{"x":[0,0],"y":[0,0]}}]},"p":{"k":[{"s":[0,0],"t":4,"i":{"x":1,"y":1},"o":{"x":0,"y":0}},{"s":[0,-2.666],"t":5,"i":{"x":1,"y":1},"o":{"x":0,"y":0}},{"s":[0,-15.541],"t":6,"i":{"x":1,"y":1},"o":{"x":0,"y":0}},{"s":[0,-27.936],"t":7,"i":{"x":1,"y":1},"o":{"x":0,"y":0}},{"s":[0,-36.357],"t":8,"i":{"x":1,"y":1},"o":{"x":0,"y":0}},{"s":[0,-68.388],"t":9,"i":{"x":1,"y":1},"o":{"x":0,"y":0}},{"s":[0,-89],"t":10,"i":{"x":1,"y":1},"o":{"x":0,"y":0}},{"s":[0,-94.509],"t":11,"i":{"x":1,"y":1},"o":{"x":0,"y":0}},{"s":[0,-106.006],"t":12,"i":{"x":1,"y":1},"o":{"x":0,"y":0}},{"s":[0,-115.941],"t":13,"i":{"x":1,"y":1},"o":{"x":0,"y":0}},{"s":[0,-118],"t":14,"i":{"x":1,"y":1},"o":{"x":0,"y":0}},{"s":[0,-118],"t":16,"i":{"x":1,"y":1},"o":{"x":0,"y":0}},{"s":[0,-103.271],"t":17,"i":{"x":1,"y":1},"o":{"x":0,"y":0}},{"s":[0,-88],"t":18,"i":{"x":1,"y":1},"o":{"x":0,"y":0}},{"s":[0,-72.963],"t":19,"i":{"x":1,"y":1},"o":{"x":0,"y":0}},{"s":[0,-45.04],"t":20,"i":{"x":1,"y":1},"o":{"x":0,"y":0}},{"s":[0,-30],"t":21,"i":{"x":1,"y":1},"o":{"x":0,"y":0}},{"s":[0,-22.01],"t":22,"i":{"x":1,"y":1},"o":{"x":0,"y":0}},{"s":[0,-7.343],"t":23,"i":{"x":1,"y":1},"o":{"x":0,"y":0}},{"s":[0,0],"t":24,"i":{"x":1,"y":1},"o":{"x":0,"y":0}},{"s":[0,0],"t":29,"i":{"x":1,"y":1},"o":{"x":0,"y":0}},{"s":[0,-2.666],"t":30,"i":{"x":1,"y":1},"o":{"x":0,"y":0}},{"s":[0,-15.541],"t":31,"i":{"x":1,"y":1},"o":{"x":0,"y":0}},{"s":[0,-27.936],"t":32,"i":{"x":1,"y":1},"o":{"x":0,"y":0}},{"s":[0,-36.357],"t":33,"i":{"x":1,"y":1},"o":{"x":0,"y":0}},{"s":[0,-68.388],"t":34,"i":{"x":1,"y":1},"o":{"x":0,"y":0}},{"s":[0,-89],"t":35,"i":{"x":1,"y":1},"o":{"x":0,"y":0}},{"s":[0,-94.509],"t":36,"i":{"x":1,"y":1},"o":{"x":0,"y":0}},{"s":[0,-106.006],"t":37,"i":{"x":1,"y":1},"o":{"x":0,"y":0}},{"s":[0,-115.941],"t":38,"i":{"x":1,"y":1},"o":{"x":0,"y":0}},{"s":[0,-118],"t":39,"i":{"x":1,"y":1},"o":{"x":0,"y":0}},{"s":[0,-118],"t":41,"i":{"x":1,"y":1},"o":{"x":0,"y":0}},{"s":[0,-103.271],"t":42,"i":{"x":1,"y":1},"o":{"x":0,"y":0}},{"s":[0,-88],"t":43,"i":{"x":1,"y":1},"o":{"x":0,"y":0}},{"s":[0,-72.963],"t":44,"i":{"x":1,"y":1},"o":{"x":0,"y":0}},{"s":[0,-45.04],"t":45,"i":{"x":1,"y":1},"o":{"x":0,"y":0}},{"s":[0,-30],"t":46,"i":{"x":1,"y":1},"o":{"x":0,"y":0}},{"s":[0,-22.01],"t":47,"i":{"x":1,"y":1},"o":{"x":0,"y":0}},{"s":[0,-7.343],"t":48,"i":{"x":1,"y":1},"o":{"x":0,"y":0}},{"s":[0,0],"t":49,"i":{"x":1,"y":1},"o":{"x":0,"y":0}}]},"r":{"a":0,"k":418,"ix":4},"nm":"Rectangle Path 1","mn":"ADBE Vector Shape - Rect","hd":false},{"ty":"fl","c":{"a":0,"k":[0.992693014706,0.902352905273,0.277856744504,1],"ix":4},"o":{"a":0,"k":100,"ix":5},"r":1,"bm":0,"nm":"Fill 1","mn":"ADBE Vector Graphic - Fill","hd":false},{"ty":"tr","p":{"a":0,"k":[0,0],"ix":2},"a":{"a":0,"k":[0,0],"ix":1},"s":{"a":0,"k":[100,100],"ix":3},"r":{"a":0,"k":0,"ix":6},"o":{"a":0,"k":100,"ix":7},"sk":{"a":0,"k":0,"ix":4},"sa":{"a":0,"k":0,"ix":5},"nm":"Transform"}],"nm":"Rectangle 1","np":3,"cix":2,"bm":0,"ix":1,"mn":"ADBE Vector Group","hd":false}],"ip":0,"op":54,"st":0,"bm":0},{"ddd":0,"ind":7,"ty":4,"nm":"Shape Layer 2","sr":1,"ks":{"o":{"a":0,"k":100,"ix":11},"r":{"a":0,"k":180,"ix":10},"p":{"a":0,"k":[250,250,0],"ix":2,"l":2},"a":{"a":0,"k":[0,0,0],"ix":1,"l":2},"s":{"k":[{"s":[30,30,100],"t":4,"i":{"x":[1,1,1],"y":[1,1,1]},"o":{"x":[0,0,0],"y":[0,0,0]}},{"s":[33.008,33.008,100],"t":5,"i":{"x":[1,1,1],"y":[1,1,1]},"o":{"x":[0,0,0],"y":[0,0,0]}},{"s":[40.938,40.938,100],"t":6,"i":{"x":[1,1,1],"y":[1,1,1]},"o":{"x":[0,0,0],"y":[0,0,0]}},{"s":[52.148,52.148,100],"t":7,"i":{"x":[1,1,1],"y":[1,1,1]},"o":{"x":[0,0,0],"y":[0,0,0]}},{"s":[77.852,77.852,100],"t":9,"i":{"x":[1,1,1],"y":[1,1,1]},"o":{"x":[0,0,0],"y":[0,0,0]}},{"s":[89.062,89.062,100],"t":10,"i":{"x":[1,1,1],"y":[1,1,1]},"o":{"x":[0,0,0],"y":[0,0,0]}},{"s":[96.992,96.992,100],"t":11,"i":{"x":[1,1,1],"y":[1,1,1]},"o":{"x":[0,0,0],"y":[0,0,0]}},{"s":[100,100,100],"t":12,"i":{"x":[1,1,1],"y":[1,1,1]},"o":{"x":[0,0,0],"y":[0,0,0]}},{"s":[94.815,94.815,100],"t":13,"i":{"x":[1,1,1],"y":[1,1,1]},"o":{"x":[0,0,0],"y":[0,0,0]}},{"s":[81.852,81.852,100],"t":14,"i":{"x":[1,1,1],"y":[1,1,1]},"o":{"x":[0,0,0],"y":[0,0,0]}},{"s":[48.148,48.148,100],"t":16,"i":{"x":[1,1,1],"y":[1,1,1]},"o":{"x":[0,0,0],"y":[0,0,0]}},{"s":[35.185,35.185,100],"t":17,"i":{"x":[1,1,1],"y":[1,1,1]},"o":{"x":[0,0,0],"y":[0,0,0]}},{"s":[30,30,100],"t":18,"i":{"x":[1,1,1],"y":[1,1,1]},"o":{"x":[0,0,0],"y":[0,0,0]}},{"s":[30,30,100],"t":29,"i":{"x":[1,1,1],"y":[1,1,1]},"o":{"x":[0,0,0],"y":[0,0,0]}},{"s":[33.008,33.008,100],"t":30,"i":{"x":[1,1,1],"y":[1,1,1]},"o":{"x":[0,0,0],"y":[0,0,0]}},{"s":[40.938,40.938,100],"t":31,"i":{"x":[1,1,1],"y":[1,1,1]},"o":{"x":[0,0,0],"y":[0,0,0]}},{"s":[52.148,52.148,100],"t":32,"i":{"x":[1,1,1],"y":[1,1,1]},"o":{"x":[0,0,0],"y":[0,0,0]}},{"s":[77.852,77.852,100],"t":34,"i":{"x":[1,1,1],"y":[1,1,1]},"o":{"x":[0,0,0],"y":[0,0,0]}},{"s":[89.062,89.062,100],"t":35,"i":{"x":[1,1,1],"y":[1,1,1]},"o":{"x":[0,0,0],"y":[0,0,0]}},{"s":[96.992,96.992,100],"t":36,"i":{"x":[1,1,1],"y":[1,1,1]},"o":{"x":[0,0,0],"y":[0,0,0]}},{"s":[100,100,100],"t":37,"i":{"x":[1,1,1],"y":[1,1,1]},"o":{"x":[0,0,0],"y":[0,0,0]}},{"s":[94.815,94.815,100],"t":38,"i":{"x":[1,1,1],"y":[1,1,1]},"o":{"x":[0,0,0],"y":[0,0,0]}},{"s":[81.852,81.852,100],"t":39,"i":{"x":[1,1,1],"y":[1,1,1]},"o":{"x":[0,0,0],"y":[0,0,0]}},{"s":[48.148,48.148,100],"t":41,"i":{"x":[1,1,1],"y":[1,1,1]},"o":{"x":[0,0,0],"y":[0,0,0]}},{"s":[35.185,35.185,100],"t":42,"i":{"x":[1,1,1],"y":[1,1,1]},"o":{"x":[0,0,0],"y":[0,0,0]}},{"s":[30,30,100],"t":43,"i":{"x":[1,1,1],"y":[1,1,1]},"o":{"x":[0,0,0],"y":[0,0,0]}}],"l":2}},"ao":0,"shapes":[{"ty":"gr","it":[{"ty":"rc","d":1,"s":{"k":[{"s":[60,60],"t":0,"i":{"x":[1,1],"y":[1,1]},"o":{"x":[0,0],"y":[0,0]}},{"s":[68.426,60],"t":1,"i":{"x":[1,1],"y":[1,1]},"o":{"x":[0,0],"y":[0,0]}},{"s":[81.03,60],"t":2,"i":{"x":[1,1],"y":[1,1]},"o":{"x":[0,0],"y":[0,0]}},{"s":[80.953,65.339],"t":3,"i":{"x":[1,1],"y":[1,1]},"o":{"x":[0,0],"y":[0,0]}},{"s":[71.091,91.066],"t":4,"i":{"x":[1,1],"y":[1,1]},"o":{"x":[0,0],"y":[0,0]}},{"s":[61.581,115.876],"t":5,"i":{"x":[1,1],"y":[1,1]},"o":{"x":[0,0],"y":[0,0]}},{"s":[60,120],"t":6,"i":{"x":[1,1],"y":[1,1]},"o":{"x":[0,0],"y":[0,0]}},{"s":[60,120],"t":8,"i":{"x":[1,1],"y":[1,1]},"o":{"x":[0,0],"y":[0,0]}},{"s":[60,108.599],"t":9,"i":{"x":[1,1],"y":[1,1]},"o":{"x":[0,0],"y":[0,0]}},{"s":[60,84.814],"t":10,"i":{"x":[1,1],"y":[1,1]},"o":{"x":[0,0],"y":[0,0]}},{"s":[60,64.271],"t":11,"i":{"x":[1,1],"y":[1,1]},"o":{"x":[0,0],"y":[0,0]}},{"s":[61.771,60],"t":12,"i":{"x":[1,1],"y":[1,1]},"o":{"x":[0,0],"y":[0,0]}},{"s":[74.239,60],"t":13,"i":{"x":[1,1],"y":[1,1]},"o":{"x":[0,0],"y":[0,0]}},{"s":[82.993,60],"t":14,"i":{"x":[1,1],"y":[1,1]},"o":{"x":[0,0],"y":[0,0]}},{"s":[71.713,89.444],"t":15,"i":{"x":[1,1],"y":[1,1]},"o":{"x":[0,0],"y":[0,0]}},{"s":[60,120],"t":16,"i":{"x":[1,1],"y":[1,1]},"o":{"x":[0,0],"y":[0,0]}},{"s":[60,120],"t":19,"i":{"x":[1,1],"y":[1,1]},"o":{"x":[0,0],"y":[0,0]}},{"s":[66.133,104.001],"t":20,"i":{"x":[1,1],"y":[1,1]},"o":{"x":[0,0],"y":[0,0]}},{"s":[77.372,74.681],"t":21,"i":{"x":[1,1],"y":[1,1]},"o":{"x":[0,0],"y":[0,0]}},{"s":[82.982,60],"t":22,"i":{"x":[1,1],"y":[1,1]},"o":{"x":[0,0],"y":[0,0]}},{"s":[76.707,60],"t":23,"i":{"x":[1,1],"y":[1,1]},"o":{"x":[0,0],"y":[0,0]}},{"s":[65.8,60],"t":24,"i":{"x":[1,1],"y":[1,1]},"o":{"x":[0,0],"y":[0,0]}},{"s":[60,60],"t":25,"i":{"x":[1,1],"y":[1,1]},"o":{"x":[0,0],"y":[0,0]}},{"s":[68.426,60],"t":26,"i":{"x":[1,1],"y":[1,1]},"o":{"x":[0,0],"y":[0,0]}},{"s":[81.03,60],"t":27,"i":{"x":[1,1],"y":[1,1]},"o":{"x":[0,0],"y":[0,0]}},{"s":[80.953,65.339],"t":28,"i":{"x":[1,1],"y":[1,1]},"o":{"x":[0,0],"y":[0,0]}},{"s":[71.091,91.066],"t":29,"i":{"x":[1,1],"y":[1,1]},"o":{"x":[0,0],"y":[0,0]}},{"s":[61.581,115.876],"t":30,"i":{"x":[1,1],"y":[1,1]},"o":{"x":[0,0],"y":[0,0]}},{"s":[60,120],"t":31,"i":{"x":[1,1],"y":[1,1]},"o":{"x":[0,0],"y":[0,0]}},{"s":[60,120],"t":33,"i":{"x":[1,1],"y":[1,1]},"o":{"x":[0,0],"y":[0,0]}},{"s":[60,108.599],"t":34,"i":{"x":[1,1],"y":[1,1]},"o":{"x":[0,0],"y":[0,0]}},{"s":[60,84.814],"t":35,"i":{"x":[1,1],"y":[1,1]},"o":{"x":[0,0],"y":[0,0]}},{"s":[60,64.271],"t":36,"i":{"x":[1,1],"y":[1,1]},"o":{"x":[0,0],"y":[0,0]}},{"s":[61.771,60],"t":37,"i":{"x":[1,1],"y":[1,1]},"o":{"x":[0,0],"y":[0,0]}},{"s":[74.239,60],"t":38,"i":{"x":[1,1],"y":[1,1]},"o":{"x":[0,0],"y":[0,0]}},{"s":[82.993,60],"t":39,"i":{"x":[1,1],"y":[1,1]},"o":{"x":[0,0],"y":[0,0]}},{"s":[71.713,89.444],"t":40,"i":{"x":[1,1],"y":[1,1]},"o":{"x":[0,0],"y":[0,0]}},{"s":[60,120],"t":41,"i":{"x":[1,1],"y":[1,1]},"o":{"x":[0,0],"y":[0,0]}},{"s":[60,120],"t":44,"i":{"x":[1,1],"y":[1,1]},"o":{"x":[0,0],"y":[0,0]}},{"s":[66.133,104.001],"t":45,"i":{"x":[1,1],"y":[1,1]},"o":{"x":[0,0],"y":[0,0]}},{"s":[77.372,74.681],"t":46,"i":{"x":[1,1],"y":[1,1]},"o":{"x":[0,0],"y":[0,0]}},{"s":[82.982,60],"t":47,"i":{"x":[1,1],"y":[1,1]},"o":{"x":[0,0],"y":[0,0]}},{"s":[76.707,60],"t":48,"i":{"x":[1,1],"y":[1,1]},"o":{"x":[0,0],"y":[0,0]}},{"s":[65.8,60],"t":49,"i":{"x":[1,1],"y":[1,1]},"o":{"x":[0,0],"y":[0,0]}},{"s":[60,60],"t":50,"i":{"x":[1,1],"y":[1,1]},"o":{"x":[0,0],"y":[0,0]}},{"s":[68.426,60],"t":51,"i":{"x":[1,1],"y":[1,1]},"o":{"x":[0,0],"y":[0,0]}},{"s":[81.03,60],"t":52,"i":{"x":[1,1],"y":[1,1]},"o":{"x":[0,0],"y":[0,0]}},{"s":[80.953,65.339],"t":53,"i":{"x":[1,1],"y":[1,1]},"o":{"x":[0,0],"y":[0,0]}}]},"p":{"k":[{"s":[0,0],"t":4,"i":{"x":1,"y":1},"o":{"x":0,"y":0}},{"s":[0,-2.666],"t":5,"i":{"x":1,"y":1},"o":{"x":0,"y":0}},{"s":[0,-15.541],"t":6,"i":{"x":1,"y":1},"o":{"x":0,"y":0}},{"s":[0,-27.936],"t":7,"i":{"x":1,"y":1},"o":{"x":0,"y":0}},{"s":[0,-36.357],"t":8,"i":{"x":1,"y":1},"o":{"x":0,"y":0}},{"s":[0,-68.388],"t":9,"i":{"x":1,"y":1},"o":{"x":0,"y":0}},{"s":[0,-89],"t":10,"i":{"x":1,"y":1},"o":{"x":0,"y":0}},{"s":[0,-94.509],"t":11,"i":{"x":1,"y":1},"o":{"x":0,"y":0}},{"s":[0,-106.006],"t":12,"i":{"x":1,"y":1},"o":{"x":0,"y":0}},{"s":[0,-115.941],"t":13,"i":{"x":1,"y":1},"o":{"x":0,"y":0}},{"s":[0,-118],"t":14,"i":{"x":1,"y":1},"o":{"x":0,"y":0}},{"s":[0,-118],"t":16,"i":{"x":1,"y":1},"o":{"x":0,"y":0}},{"s":[0,-103.271],"t":17,"i":{"x":1,"y":1},"o":{"x":0,"y":0}},{"s":[0,-88],"t":18,"i":{"x":1,"y":1},"o":{"x":0,"y":0}},{"s":[0,-72.963],"t":19,"i":{"x":1,"y":1},"o":{"x":0,"y":0}},{"s":[0,-45.04],"t":20,"i":{"x":1,"y":1},"o":{"x":0,"y":0}},{"s":[0,-30],"t":21,"i":{"x":1,"y":1},"o":{"x":0,"y":0}},{"s":[0,-22.01],"t":22,"i":{"x":1,"y":1},"o":{"x":0,"y":0}},{"s":[0,-7.343],"t":23,"i":{"x":1,"y":1},"o":{"x":0,"y":0}},{"s":[0,0],"t":24,"i":{"x":1,"y":1},"o":{"x":0,"y":0}},{"s":[0,0],"t":29,"i":{"x":1,"y":1},"o":{"x":0,"y":0}},{"s":[0,-2.666],"t":30,"i":{"x":1,"y":1},"o":{"x":0,"y":0}},{"s":[0,-15.541],"t":31,"i":{"x":1,"y":1},"o":{"x":0,"y":0}},{"s":[0,-27.936],"t":32,"i":{"x":1,"y":1},"o":{"x":0,"y":0}},{"s":[0,-36.357],"t":33,"i":{"x":1,"y":1},"o":{"x":0,"y":0}},{"s":[0,-68.388],"t":34,"i":{"x":1,"y":1},"o":{"x":0,"y":0}},{"s":[0,-89],"t":35,"i":{"x":1,"y":1},"o":{"x":0,"y":0}},{"s":[0,-94.509],"t":36,"i":{"x":1,"y":1},"o":{"x":0,"y":0}},{"s":[0,-106.006],"t":37,"i":{"x":1,"y":1},"o":{"x":0,"y":0}},{"s":[0,-115.941],"t":38,"i":{"x":1,"y":1},"o":{"x":0,"y":0}},{"s":[0,-118],"t":39,"i":{"x":1,"y":1},"o":{"x":0,"y":0}},{"s":[0,-118],"t":41,"i":{"x":1,"y":1},"o":{"x":0,"y":0}},{"s":[0,-103.271],"t":42,"i":{"x":1,"y":1},"o":{"x":0,"y":0}},{"s":[0,-88],"t":43,"i":{"x":1,"y":1},"o":{"x":0,"y":0}},{"s":[0,-72.963],"t":44,"i":{"x":1,"y":1},"o":{"x":0,"y":0}},{"s":[0,-45.04],"t":45,"i":{"x":1,"y":1},"o":{"x":0,"y":0}},{"s":[0,-30],"t":46,"i":{"x":1,"y":1},"o":{"x":0,"y":0}},{"s":[0,-22.01],"t":47,"i":{"x":1,"y":1},"o":{"x":0,"y":0}},{"s":[0,-7.343],"t":48,"i":{"x":1,"y":1},"o":{"x":0,"y":0}},{"s":[0,0],"t":49,"i":{"x":1,"y":1},"o":{"x":0,"y":0}}]},"r":{"a":0,"k":418,"ix":4},"nm":"Rectangle Path 1","mn":"ADBE Vector Shape - Rect","hd":false},{"ty":"fl","c":{"a":0,"k":[0.992693014706,0.902352905273,0.277856744504,1],"ix":4},"o":{"a":0,"k":100,"ix":5},"r":1,"bm":0,"nm":"Fill 1","mn":"ADBE Vector Graphic - Fill","hd":false},{"ty":"tr","p":{"a":0,"k":[0,0],"ix":2},"a":{"a":0,"k":[0,0],"ix":1},"s":{"a":0,"k":[100,100],"ix":3},"r":{"a":0,"k":0,"ix":6},"o":{"a":0,"k":100,"ix":7},"sk":{"a":0,"k":0,"ix":4},"sa":{"a":0,"k":0,"ix":5},"nm":"Transform"}],"nm":"Rectangle 1","np":3,"cix":2,"bm":0,"ix":1,"mn":"ADBE Vector Group","hd":false}],"ip":0,"op":54,"st":0,"bm":0},{"ddd":0,"ind":8,"ty":4,"nm":"Shape Layer 1","sr":1,"ks":{"o":{"a":0,"k":100,"ix":11},"r":{"a":0,"k":0,"ix":10},"p":{"a":0,"k":[250,250,0],"ix":2,"l":2},"a":{"a":0,"k":[0,0,0],"ix":1,"l":2},"s":{"k":[{"s":[30,30,100],"t":4,"i":{"x":[1,1,1],"y":[1,1,1]},"o":{"x":[0,0,0],"y":[0,0,0]}},{"s":[33.008,33.008,100],"t":5,"i":{"x":[1,1,1],"y":[1,1,1]},"o":{"x":[0,0,0],"y":[0,0,0]}},{"s":[40.938,40.938,100],"t":6,"i":{"x":[1,1,1],"y":[1,1,1]},"o":{"x":[0,0,0],"y":[0,0,0]}},{"s":[52.148,52.148,100],"t":7,"i":{"x":[1,1,1],"y":[1,1,1]},"o":{"x":[0,0,0],"y":[0,0,0]}},{"s":[77.852,77.852,100],"t":9,"i":{"x":[1,1,1],"y":[1,1,1]},"o":{"x":[0,0,0],"y":[0,0,0]}},{"s":[89.062,89.062,100],"t":10,"i":{"x":[1,1,1],"y":[1,1,1]},"o":{"x":[0,0,0],"y":[0,0,0]}},{"s":[96.992,96.992,100],"t":11,"i":{"x":[1,1,1],"y":[1,1,1]},"o":{"x":[0,0,0],"y":[0,0,0]}},{"s":[100,100,100],"t":12,"i":{"x":[1,1,1],"y":[1,1,1]},"o":{"x":[0,0,0],"y":[0,0,0]}},{"s":[94.815,94.815,100],"t":13,"i":{"x":[1,1,1],"y":[1,1,1]},"o":{"x":[0,0,0],"y":[0,0,0]}},{"s":[81.852,81.852,100],"t":14,"i":{"x":[1,1,1],"y":[1,1,1]},"o":{"x":[0,0,0],"y":[0,0,0]}},{"s":[48.148,48.148,100],"t":16,"i":{"x":[1,1,1],"y":[1,1,1]},"o":{"x":[0,0,0],"y":[0,0,0]}},{"s":[35.185,35.185,100],"t":17,"i":{"x":[1,1,1],"y":[1,1,1]},"o":{"x":[0,0,0],"y":[0,0,0]}},{"s":[30,30,100],"t":18,"i":{"x":[1,1,1],"y":[1,1,1]},"o":{"x":[0,0,0],"y":[0,0,0]}},{"s":[30,30,100],"t":29,"i":{"x":[1,1,1],"y":[1,1,1]},"o":{"x":[0,0,0],"y":[0,0,0]}},{"s":[33.008,33.008,100],"t":30,"i":{"x":[1,1,1],"y":[1,1,1]},"o":{"x":[0,0,0],"y":[0,0,0]}},{"s":[40.938,40.938,100],"t":31,"i":{"x":[1,1,1],"y":[1,1,1]},"o":{"x":[0,0,0],"y":[0,0,0]}},{"s":[52.148,52.148,100],"t":32,"i":{"x":[1,1,1],"y":[1,1,1]},"o":{"x":[0,0,0],"y":[0,0,0]}},{"s":[77.852,77.852,100],"t":34,"i":{"x":[1,1,1],"y":[1,1,1]},"o":{"x":[0,0,0],"y":[0,0,0]}},{"s":[89.062,89.062,100],"t":35,"i":{"x":[1,1,1],"y":[1,1,1]},"o":{"x":[0,0,0],"y":[0,0,0]}},{"s":[96.992,96.992,100],"t":36,"i":{"x":[1,1,1],"y":[1,1,1]},"o":{"x":[0,0,0],"y":[0,0,0]}},{"s":[100,100,100],"t":37,"i":{"x":[1,1,1],"y":[1,1,1]},"o":{"x":[0,0,0],"y":[0,0,0]}},{"s":[94.815,94.815,100],"t":38,"i":{"x":[1,1,1],"y":[1,1,1]},"o":{"x":[0,0,0],"y":[0,0,0]}},{"s":[81.852,81.852,100],"t":39,"i":{"x":[1,1,1],"y":[1,1,1]},"o":{"x":[0,0,0],"y":[0,0,0]}},{"s":[48.148,48.148,100],"t":41,"i":{"x":[1,1,1],"y":[1,1,1]},"o":{"x":[0,0,0],"y":[0,0,0]}},{"s":[35.185,35.185,100],"t":42,"i":{"x":[1,1,1],"y":[1,1,1]},"o":{"x":[0,0,0],"y":[0,0,0]}},{"s":[30,30,100],"t":43,"i":{"x":[1,1,1],"y":[1,1,1]},"o":{"x":[0,0,0],"y":[0,0,0]}}],"l":2}},"ao":0,"shapes":[{"ty":"gr","it":[{"ty":"rc","d":1,"s":{"k":[{"s":[60,60],"t":0,"i":{"x":[1,1],"y":[1,1]},"o":{"x":[0,0],"y":[0,0]}},{"s":[68.426,60],"t":1,"i":{"x":[1,1],"y":[1,1]},"o":{"x":[0,0],"y":[0,0]}},{"s":[81.03,60],"t":2,"i":{"x":[1,1],"y":[1,1]},"o":{"x":[0,0],"y":[0,0]}},{"s":[80.953,65.339],"t":3,"i":{"x":[1,1],"y":[1,1]},"o":{"x":[0,0],"y":[0,0]}},{"s":[71.091,91.066],"t":4,"i":{"x":[1,1],"y":[1,1]},"o":{"x":[0,0],"y":[0,0]}},{"s":[61.581,115.876],"t":5,"i":{"x":[1,1],"y":[1,1]},"o":{"x":[0,0],"y":[0,0]}},{"s":[60,120],"t":6,"i":{"x":[1,1],"y":[1,1]},"o":{"x":[0,0],"y":[0,0]}},{"s":[60,120],"t":8,"i":{"x":[1,1],"y":[1,1]},"o":{"x":[0,0],"y":[0,0]}},{"s":[60,108.599],"t":9,"i":{"x":[1,1],"y":[1,1]},"o":{"x":[0,0],"y":[0,0]}},{"s":[60,84.814],"t":10,"i":{"x":[1,1],"y":[1,1]},"o":{"x":[0,0],"y":[0,0]}},{"s":[60,64.271],"t":11,"i":{"x":[1,1],"y":[1,1]},"o":{"x":[0,0],"y":[0,0]}},{"s":[61.771,60],"t":12,"i":{"x":[1,1],"y":[1,1]},"o":{"x":[0,0],"y":[0,0]}},{"s":[74.239,60],"t":13,"i":{"x":[1,1],"y":[1,1]},"o":{"x":[0,0],"y":[0,0]}},{"s":[82.993,60],"t":14,"i":{"x":[1,1],"y":[1,1]},"o":{"x":[0,0],"y":[0,0]}},{"s":[71.713,89.444],"t":15,"i":{"x":[1,1],"y":[1,1]},"o":{"x":[0,0],"y":[0,0]}},{"s":[60,120],"t":16,"i":{"x":[1,1],"y":[1,1]},"o":{"x":[0,0],"y":[0,0]}},{"s":[60,120],"t":19,"i":{"x":[1,1],"y":[1,1]},"o":{"x":[0,0],"y":[0,0]}},{"s":[66.133,104.001],"t":20,"i":{"x":[1,1],"y":[1,1]},"o":{"x":[0,0],"y":[0,0]}},{"s":[77.372,74.681],"t":21,"i":{"x":[1,1],"y":[1,1]},"o":{"x":[0,0],"y":[0,0]}},{"s":[82.982,60],"t":22,"i":{"x":[1,1],"y":[1,1]},"o":{"x":[0,0],"y":[0,0]}},{"s":[76.707,60],"t":23,"i":{"x":[1,1],"y":[1,1]},"o":{"x":[0,0],"y":[0,0]}},{"s":[65.8,60],"t":24,"i":{"x":[1,1],"y":[1,1]},"o":{"x":[0,0],"y":[0,0]}},{"s":[60,60],"t":25,"i":{"x":[1,1],"y":[1,1]},"o":{"x":[0,0],"y":[0,0]}},{"s":[68.426,60],"t":26,"i":{"x":[1,1],"y":[1,1]},"o":{"x":[0,0],"y":[0,0]}},{"s":[81.03,60],"t":27,"i":{"x":[1,1],"y":[1,1]},"o":{"x":[0,0],"y":[0,0]}},{"s":[80.953,65.339],"t":28,"i":{"x":[1,1],"y":[1,1]},"o":{"x":[0,0],"y":[0,0]}},{"s":[71.091,91.066],"t":29,"i":{"x":[1,1],"y":[1,1]},"o":{"x":[0,0],"y":[0,0]}},{"s":[61.581,115.876],"t":30,"i":{"x":[1,1],"y":[1,1]},"o":{"x":[0,0],"y":[0,0]}},{"s":[60,120],"t":31,"i":{"x":[1,1],"y":[1,1]},"o":{"x":[0,0],"y":[0,0]}},{"s":[60,120],"t":33,"i":{"x":[1,1],"y":[1,1]},"o":{"x":[0,0],"y":[0,0]}},{"s":[60,108.599],"t":34,"i":{"x":[1,1],"y":[1,1]},"o":{"x":[0,0],"y":[0,0]}},{"s":[60,84.814],"t":35,"i":{"x":[1,1],"y":[1,1]},"o":{"x":[0,0],"y":[0,0]}},{"s":[60,64.271],"t":36,"i":{"x":[1,1],"y":[1,1]},"o":{"x":[0,0],"y":[0,0]}},{"s":[61.771,60],"t":37,"i":{"x":[1,1],"y":[1,1]},"o":{"x":[0,0],"y":[0,0]}},{"s":[74.239,60],"t":38,"i":{"x":[1,1],"y":[1,1]},"o":{"x":[0,0],"y":[0,0]}},{"s":[82.993,60],"t":39,"i":{"x":[1,1],"y":[1,1]},"o":{"x":[0,0],"y":[0,0]}},{"s":[71.713,89.444],"t":40,"i":{"x":[1,1],"y":[1,1]},"o":{"x":[0,0],"y":[0,0]}},{"s":[60,120],"t":41,"i":{"x":[1,1],"y":[1,1]},"o":{"x":[0,0],"y":[0,0]}},{"s":[60,120],"t":44,"i":{"x":[1,1],"y":[1,1]},"o":{"x":[0,0],"y":[0,0]}},{"s":[66.133,104.001],"t":45,"i":{"x":[1,1],"y":[1,1]},"o":{"x":[0,0],"y":[0,0]}},{"s":[77.372,74.681],"t":46,"i":{"x":[1,1],"y":[1,1]},"o":{"x":[0,0],"y":[0,0]}},{"s":[82.982,60],"t":47,"i":{"x":[1,1],"y":[1,1]},"o":{"x":[0,0],"y":[0,0]}},{"s":[76.707,60],"t":48,"i":{"x":[1,1],"y":[1,1]},"o":{"x":[0,0],"y":[0,0]}},{"s":[65.8,60],"t":49,"i":{"x":[1,1],"y":[1,1]},"o":{"x":[0,0],"y":[0,0]}},{"s":[60,60],"t":50,"i":{"x":[1,1],"y":[1,1]},"o":{"x":[0,0],"y":[0,0]}},{"s":[68.426,60],"t":51,"i":{"x":[1,1],"y":[1,1]},"o":{"x":[0,0],"y":[0,0]}},{"s":[81.03,60],"t":52,"i":{"x":[1,1],"y":[1,1]},"o":{"x":[0,0],"y":[0,0]}},{"s":[80.953,65.339],"t":53,"i":{"x":[1,1],"y":[1,1]},"o":{"x":[0,0],"y":[0,0]}}]},"p":{"k":[{"s":[0,0],"t":4,"i":{"x":1,"y":1},"o":{"x":0,"y":0}},{"s":[0,-2.666],"t":5,"i":{"x":1,"y":1},"o":{"x":0,"y":0}},{"s":[0,-15.541],"t":6,"i":{"x":1,"y":1},"o":{"x":0,"y":0}},{"s":[0,-27.936],"t":7,"i":{"x":1,"y":1},"o":{"x":0,"y":0}},{"s":[0,-36.357],"t":8,"i":{"x":1,"y":1},"o":{"x":0,"y":0}},{"s":[0,-68.388],"t":9,"i":{"x":1,"y":1},"o":{"x":0,"y":0}},{"s":[0,-89],"t":10,"i":{"x":1,"y":1},"o":{"x":0,"y":0}},{"s":[0,-94.509],"t":11,"i":{"x":1,"y":1},"o":{"x":0,"y":0}},{"s":[0,-106.006],"t":12,"i":{"x":1,"y":1},"o":{"x":0,"y":0}},{"s":[0,-115.941],"t":13,"i":{"x":1,"y":1},"o":{"x":0,"y":0}},{"s":[0,-118],"t":14,"i":{"x":1,"y":1},"o":{"x":0,"y":0}},{"s":[0,-118],"t":16,"i":{"x":1,"y":1},"o":{"x":0,"y":0}},{"s":[0,-103.271],"t":17,"i":{"x":1,"y":1},"o":{"x":0,"y":0}},{"s":[0,-88],"t":18,"i":{"x":1,"y":1},"o":{"x":0,"y":0}},{"s":[0,-72.963],"t":19,"i":{"x":1,"y":1},"o":{"x":0,"y":0}},{"s":[0,-45.04],"t":20,"i":{"x":1,"y":1},"o":{"x":0,"y":0}},{"s":[0,-30],"t":21,"i":{"x":1,"y":1},"o":{"x":0,"y":0}},{"s":[0,-22.01],"t":22,"i":{"x":1,"y":1},"o":{"x":0,"y":0}},{"s":[0,-7.343],"t":23,"i":{"x":1,"y":1},"o":{"x":0,"y":0}},{"s":[0,0],"t":24,"i":{"x":1,"y":1},"o":{"x":0,"y":0}},{"s":[0,0],"t":29,"i":{"x":1,"y":1},"o":{"x":0,"y":0}},{"s":[0,-2.666],"t":30,"i":{"x":1,"y":1},"o":{"x":0,"y":0}},{"s":[0,-15.541],"t":31,"i":{"x":1,"y":1},"o":{"x":0,"y":0}},{"s":[0,-27.936],"t":32,"i":{"x":1,"y":1},"o":{"x":0,"y":0}},{"s":[0,-36.357],"t":33,"i":{"x":1,"y":1},"o":{"x":0,"y":0}},{"s":[0,-68.388],"t":34,"i":{"x":1,"y":1},"o":{"x":0,"y":0}},{"s":[0,-89],"t":35,"i":{"x":1,"y":1},"o":{"x":0,"y":0}},{"s":[0,-94.509],"t":36,"i":{"x":1,"y":1},"o":{"x":0,"y":0}},{"s":[0,-106.006],"t":37,"i":{"x":1,"y":1},"o":{"x":0,"y":0}},{"s":[0,-115.941],"t":38,"i":{"x":1,"y":1},"o":{"x":0,"y":0}},{"s":[0,-118],"t":39,"i":{"x":1,"y":1},"o":{"x":0,"y":0}},{"s":[0,-118],"t":41,"i":{"x":1,"y":1},"o":{"x":0,"y":0}},{"s":[0,-103.271],"t":42,"i":{"x":1,"y":1},"o":{"x":0,"y":0}},{"s":[0,-88],"t":43,"i":{"x":1,"y":1},"o":{"x":0,"y":0}},{"s":[0,-72.963],"t":44,"i":{"x":1,"y":1},"o":{"x":0,"y":0}},{"s":[0,-45.04],"t":45,"i":{"x":1,"y":1},"o":{"x":0,"y":0}},{"s":[0,-30],"t":46,"i":{"x":1,"y":1},"o":{"x":0,"y":0}},{"s":[0,-22.01],"t":47,"i":{"x":1,"y":1},"o":{"x":0,"y":0}},{"s":[0,-7.343],"t":48,"i":{"x":1,"y":1},"o":{"x":0,"y":0}},{"s":[0,0],"t":49,"i":{"x":1,"y":1},"o":{"x":0,"y":0}}]},"r":{"a":0,"k":418,"ix":4},"nm":"Rectangle Path 1","mn":"ADBE Vector Shape - Rect","hd":false},{"ty":"fl","c":{"a":0,"k":[0.992693014706,0.902352905273,0.277856744504,1],"ix":4},"o":{"a":0,"k":100,"ix":5},"r":1,"bm":0,"nm":"Fill 1","mn":"ADBE Vector Graphic - Fill","hd":false},{"ty":"tr","p":{"a":0,"k":[0,0],"ix":2},"a":{"a":0,"k":[0,0],"ix":1},"s":{"a":0,"k":[100,100],"ix":3},"r":{"a":0,"k":0,"ix":6},"o":{"a":0,"k":100,"ix":7},"sk":{"a":0,"k":0,"ix":4},"sa":{"a":0,"k":0,"ix":5},"nm":"Transform"}],"nm":"Rectangle 1","np":3,"cix":2,"bm":0,"ix":1,"mn":"ADBE Vector Group","hd":false}],"ip":0,"op":54,"st":0,"bm":0}],"markers":[]}